2025-05-30 11:39:36,061 [INFO] Activator:176 - 


2025-05-30 11:39:36,069 [INFO] Activator:177 - !SESSION log4j initialized
2025-05-30 11:39:41,386 [INFO] LogOutputStream:77 - [STDOUT_REDIRECT] 
2025-05-30 11:39:42,611 [INFO] ApplicationProperties:184 - Using Application install path: C:\ST\STM32CubeIDE_1.18.0\STM32CubeIDE\plugins\com.st.stm32cube.common.mx_6.14.0.202502271554
2025-05-30 11:39:42,631 [INFO] DbMcusXml:78 - Set database path to: C:\ST\STM32CubeIDE_1.18.0\STM32CubeIDE\plugins\com.st.stm32cube.common.mx_6.14.0.202502271554\\db\/mcu/
2025-05-30 11:39:42,632 [INFO] ApiDb:274 - Set plugin database path to: C:\ST\STM32CubeIDE_1.18.0\STM32CubeIDE\plugins\com.st.stm32cube.common.mx_6.14.0.202502271554\\db\/plugins/boardmanager/
2025-05-30 11:39:42,635 [WARN] ApiDb:259 - Overriding images path with different value:  => C:\ST\STM32CubeIDE_1.18.0\STM32CubeIDE\plugins\com.st.stm32cube.common.mx_6.14.0.202502271554\\db\/plugins/mcufinder/images/
2025-05-30 11:39:42,642 [INFO] ApiDb:250 - Set database path to: C:\Users\markk\.stmcufinder\plugins\mcufinder//mcu/
2025-05-30 11:39:42,643 [INFO] DbMcusAds:125 - Set database path to: C:\Users\markk\.stmcufinder\plugins\mcufinder//mcu/
2025-05-30 11:39:42,645 [INFO] CrossReferenceDbSqlite:203 - Set database path to: C:\Users\markk\.stmcufinder\plugins\mcufinder//mcu/cs/
2025-05-30 11:39:42,775 [INFO] RulesReader:64 - Compatibility file has been processed (301 Rules)
2025-05-30 11:39:42,909 [INFO] DbMcusXml:78 - Set database path to: C:\ST\STM32CubeIDE_1.18.0\STM32CubeIDE\plugins\com.st.stm32cube.common.mx_6.14.0.202502271554\\db\/mcu/
2025-05-30 11:39:42,909 [INFO] ApiDb:274 - Set plugin database path to: C:\ST\STM32CubeIDE_1.18.0\STM32CubeIDE\plugins\com.st.stm32cube.common.mx_6.14.0.202502271554\\db\/plugins/boardmanager/
2025-05-30 11:39:42,910 [INFO] ApiDb:261 - Set plugin images path to: C:\ST\STM32CubeIDE_1.18.0\STM32CubeIDE\plugins\com.st.stm32cube.common.mx_6.14.0.202502271554\\db\/plugins/mcufinder/images/
2025-05-30 11:39:42,910 [WARN] DbFile:41 - Overriding database path with different value: C:\Users\markk\.stmcufinder\plugins\mcufinder/ => C:\Users\markk\.stmcufinder\plugins\mcufinder
2025-05-30 11:39:42,910 [INFO] ApiDb:250 - Set database path to: C:\Users\markk\.stmcufinder\plugins\mcufinder//mcu/
2025-05-30 11:39:42,910 [WARN] DbFile:41 - Overriding database path with different value: C:\Users\markk\.stmcufinder\plugins\mcufinder/ => C:\Users\markk\.stmcufinder\plugins\mcufinder
2025-05-30 11:39:42,910 [INFO] DbMcusAds:125 - Set database path to: C:\Users\markk\.stmcufinder\plugins\mcufinder//mcu/
2025-05-30 11:39:42,910 [WARN] DbFile:41 - Overriding database path with different value: C:\Users\markk\.stmcufinder\plugins\mcufinder/ => C:\Users\markk\.stmcufinder\plugins\mcufinder
2025-05-30 11:39:42,910 [WARN] DbFile:41 - Overriding database path with different value: C:\Users\markk\.stmcufinder\plugins\mcufinder/ => C:\Users\markk\.stmcufinder\plugins\mcufinder
2025-05-30 11:39:42,910 [INFO] CrossReferenceDbSqlite:203 - Set database path to: C:\Users\markk\.stmcufinder\plugins\mcufinder//mcu/cs/
2025-05-30 11:39:42,988 [INFO] MainPanel:272 - HeapMemory: 268435456
2025-05-30 11:39:43,121 [INFO] DbMcusXml:78 - Set database path to: C:\ST\STM32CubeIDE_1.18.0\STM32CubeIDE\plugins\com.st.stm32cube.common.mx_6.14.0.202502271554\\db\/mcu/
2025-05-30 11:39:43,121 [INFO] ApiDb:274 - Set plugin database path to: C:\ST\STM32CubeIDE_1.18.0\STM32CubeIDE\plugins\com.st.stm32cube.common.mx_6.14.0.202502271554\\db\/plugins/boardmanager/
2025-05-30 11:39:43,121 [INFO] ApiDb:261 - Set plugin images path to: C:\ST\STM32CubeIDE_1.18.0\STM32CubeIDE\plugins\com.st.stm32cube.common.mx_6.14.0.202502271554\\db\/plugins/mcufinder/images/
2025-05-30 11:39:43,122 [WARN] DbFile:41 - Overriding database path with different value: C:\Users\markk\.stmcufinder\plugins\mcufinder/ => C:\Users\markk\.stmcufinder\plugins\mcufinder
2025-05-30 11:39:43,122 [INFO] ApiDb:250 - Set database path to: C:\Users\markk\.stmcufinder\plugins\mcufinder//mcu/
2025-05-30 11:39:43,122 [WARN] DbFile:41 - Overriding database path with different value: C:\Users\markk\.stmcufinder\plugins\mcufinder/ => C:\Users\markk\.stmcufinder\plugins\mcufinder
2025-05-30 11:39:43,122 [INFO] DbMcusAds:125 - Set database path to: C:\Users\markk\.stmcufinder\plugins\mcufinder//mcu/
2025-05-30 11:39:43,122 [WARN] DbFile:41 - Overriding database path with different value: C:\Users\markk\.stmcufinder\plugins\mcufinder/ => C:\Users\markk\.stmcufinder\plugins\mcufinder
2025-05-30 11:39:43,123 [WARN] DbFile:41 - Overriding database path with different value: C:\Users\markk\.stmcufinder\plugins\mcufinder/ => C:\Users\markk\.stmcufinder\plugins\mcufinder
2025-05-30 11:39:43,123 [INFO] CrossReferenceDbSqlite:203 - Set database path to: C:\Users\markk\.stmcufinder\plugins\mcufinder//mcu/cs/
2025-05-30 11:39:43,213 [INFO] ApplicationProperties:184 - Using Application install path: C:\ST\STM32CubeIDE_1.18.0\STM32CubeIDE\plugins\com.st.stm32cube.common.mx_6.14.0.202502271554
2025-05-30 11:39:43,216 [INFO] PluginManage:196 - Search for loadable plugins [exclusion list=, ]
2025-05-30 11:39:43,219 [INFO] PluginManage:310 - Check plugin analytics
2025-05-30 11:39:43,549 [INFO] AnalyticsPlugin:253 - Accepted Software Licenses: 
2025-05-30 11:39:43,549 [INFO] AnalyticsPlugin:255 - Accepted CMSIS Pack Licenses: 
2025-05-30 11:39:43,549 [INFO] AnalyticsPlugin:257 - Accepted Firmware Licenses: FW.L4.1.18.0
2025-05-30 11:39:43,556 [INFO] PluginManage:359 - Loaded plugin analytics (category:tool,tabindex:-1)
2025-05-30 11:39:43,557 [INFO] PluginManage:310 - Check plugin cadmodel
2025-05-30 11:39:43,566 [INFO] CADModel:105 - Init CAD model plugin
2025-05-30 11:39:43,567 [INFO] PluginManage:359 - Loaded plugin cadmodel (category:power,tabindex:5)
2025-05-30 11:39:43,567 [INFO] PluginManage:310 - Check plugin clock
2025-05-30 11:39:43,581 [INFO] PluginManage:359 - Loaded plugin clock (category:base,tabindex:2)
2025-05-30 11:39:43,581 [INFO] PluginManage:310 - Check plugin ddr
2025-05-30 11:39:43,584 [INFO] PluginManage:359 - Loaded plugin ddr (category:tool,tabindex:6)
2025-05-30 11:39:43,586 [INFO] PluginManage:310 - Check plugin filemanager
2025-05-30 11:39:43,804 [INFO] PluginManage:359 - Loaded plugin filemanager (category:base,tabindex:10)
2025-05-30 11:39:43,804 [INFO] PluginManage:310 - Check plugin ipmanager
2025-05-30 11:39:43,811 [INFO] PluginManage:359 - Loaded plugin ipmanager (category:base,tabindex:5)
2025-05-30 11:39:43,812 [INFO] PluginManage:310 - Check plugin lpbam
2025-05-30 11:39:43,821 [INFO] PluginManage:359 - Loaded plugin lpbam (category:base,tabindex:0)
2025-05-30 11:39:43,822 [INFO] PluginManage:310 - Check plugin memorymap
2025-05-30 11:39:43,835 [INFO] PluginManage:359 - Loaded plugin memorymap (category:base,tabindex:4)
2025-05-30 11:39:43,835 [INFO] PluginManage:310 - Check plugin pinoutandconfiguration
2025-05-30 11:39:43,844 [INFO] PluginManage:359 - Loaded plugin pinoutandconfiguration (category:base,tabindex:1)
2025-05-30 11:39:43,844 [INFO] PluginManage:310 - Check plugin pinoutconfig
2025-05-30 11:39:44,010 [WARN] SupportedApi:132 - Cannot load RTOS API schema: s4s-elt-must-match.1: The content of 'definitions' must match (annotation?, (simpleType | complexType)?, (unique | key | keyref)*)). A problem was found starting at: attribute.
2025-05-30 11:39:44,225 [INFO] PluginManage:359 - Loaded plugin pinoutconfig (category:base,tabindex:0)
2025-05-30 11:39:44,225 [INFO] PluginManage:310 - Check plugin power
2025-05-30 11:39:44,250 [INFO] PluginManage:359 - Loaded plugin power (category:power,tabindex:4)
2025-05-30 11:39:44,251 [INFO] PluginManage:310 - Check plugin projectmanager
2025-05-30 11:39:44,275 [INFO] PluginManage:359 - Loaded plugin projectmanager (category:projectmanager,tabindex:4)
2025-05-30 11:39:44,275 [INFO] PluginManage:310 - Check plugin rif
2025-05-30 11:39:44,285 [INFO] PluginManage:359 - Loaded plugin rif (category:base,tabindex:3)
2025-05-30 11:39:44,285 [INFO] PluginManage:310 - Check plugin thirdparty
2025-05-30 11:39:44,488 [WARN] IntegrityCheckThread:84 - waiting for thirdparty lock release [integrity check]
2025-05-30 11:39:44,488 [INFO] IntegrityCheckThread:86 - entering critical section [integrity check]
2025-05-30 11:39:44,489 [INFO] PluginManage:359 - Loaded plugin thirdparty (category:base,tabindex:-1)
2025-05-30 11:39:44,489 [INFO] ThirdPartyUpdaterWithRetryManager:70 - Updater plugin not ready yet. [1/15]
2025-05-30 11:39:44,489 [INFO] PluginManage:310 - Check plugin tools
2025-05-30 11:39:44,496 [INFO] PluginManage:359 - Loaded plugin tools (category:base,tabindex:7)
2025-05-30 11:39:44,496 [INFO] PluginManage:310 - Check plugin tutovideos
2025-05-30 11:39:44,677 [INFO] PluginManage:359 - Loaded plugin tutovideos (category:base,tabindex:-1)
2025-05-30 11:39:44,677 [INFO] PluginManage:310 - Check plugin updater
2025-05-30 11:39:44,704 [INFO] PluginManage:359 - Loaded plugin updater (category:base,tabindex:12)
2025-05-30 11:39:44,704 [INFO] PluginManage:310 - Check plugin userauth
2025-05-30 11:39:44,708 [INFO] UserAuth:118 - Init User Auth plugin
2025-05-30 11:39:44,709 [INFO] PluginManage:359 - Loaded plugin userauth (category:base,tabindex:14)
2025-05-30 11:39:44,710 [INFO] PluginManage:283 - PluginManage : Loaded plugins [18]
2025-05-30 11:39:44,976 [INFO] PinOutPanel:1589 - setPackage(No Configuration,No Configuration)
2025-05-30 11:39:45,083 [INFO] CADModel:165 - CPN selected for project level
2025-05-30 11:39:45,084 [INFO] CADModel:114 - Register for checkConnection events
2025-05-30 11:39:45,107 [INFO] IPUIPlugin:80 - create IPUIPlugin
2025-05-30 11:39:45,108 [INFO] PluginManager:220 - loadIPPluginJar : add adc
2025-05-30 11:39:45,111 [INFO] IPUIPlugin:80 - create IPUIPlugin
2025-05-30 11:39:45,112 [INFO] PluginManager:220 - loadIPPluginJar : add aes
2025-05-30 11:39:45,118 [INFO] IPUIPlugin:80 - create IPUIPlugin
2025-05-30 11:39:45,118 [INFO] PluginManager:220 - loadIPPluginJar : add can
2025-05-30 11:39:45,122 [INFO] IPUIPlugin:80 - create IPUIPlugin
2025-05-30 11:39:45,122 [INFO] PluginManager:220 - loadIPPluginJar : add comp
2025-05-30 11:39:45,125 [INFO] IPUIPlugin:80 - create IPUIPlugin
2025-05-30 11:39:45,126 [INFO] PluginManager:220 - loadIPPluginJar : add cryp
2025-05-30 11:39:45,130 [INFO] IPUIPlugin:80 - create IPUIPlugin
2025-05-30 11:39:45,130 [INFO] PluginManager:220 - loadIPPluginJar : add ddr_ctrl_phy
2025-05-30 11:39:45,135 [INFO] IPUIPlugin:80 - create IPUIPlugin
2025-05-30 11:39:45,136 [INFO] PluginManager:220 - loadIPPluginJar : add dfsdm
2025-05-30 11:39:45,144 [INFO] IPUIPlugin:80 - create IPUIPlugin
2025-05-30 11:39:45,146 [INFO] PluginManager:220 - loadIPPluginJar : add dma
2025-05-30 11:39:45,150 [INFO] IPUIPlugin:80 - create IPUIPlugin
2025-05-30 11:39:45,151 [INFO] PluginManager:220 - loadIPPluginJar : add dma3
2025-05-30 11:39:45,154 [INFO] IPUIPlugin:80 - create IPUIPlugin
2025-05-30 11:39:45,154 [INFO] PluginManager:220 - loadIPPluginJar : add extmemmanager
2025-05-30 11:39:45,157 [INFO] IPUIPlugin:80 - create IPUIPlugin
2025-05-30 11:39:45,157 [INFO] PluginManager:220 - loadIPPluginJar : add fatfs
2025-05-30 11:39:45,163 [INFO] IPUIPlugin:80 - create IPUIPlugin
2025-05-30 11:39:45,163 [INFO] PluginManager:220 - loadIPPluginJar : add fmc
2025-05-30 11:39:45,174 [INFO] IPUIPlugin:80 - create IPUIPlugin
2025-05-30 11:39:45,175 [INFO] PluginManager:220 - loadIPPluginJar : add freertos
2025-05-30 11:39:45,178 [INFO] IPUIPlugin:80 - create IPUIPlugin
2025-05-30 11:39:45,178 [INFO] PluginManager:220 - loadIPPluginJar : add genericplugin
2025-05-30 11:39:45,182 [INFO] IPUIPlugin:80 - create IPUIPlugin
2025-05-30 11:39:45,182 [INFO] PluginManager:220 - loadIPPluginJar : add gfxmmu
2025-05-30 11:39:45,186 [INFO] IPUIPlugin:80 - create IPUIPlugin
2025-05-30 11:39:45,187 [INFO] PluginManager:220 - loadIPPluginJar : add gic
2025-05-30 11:39:45,193 [INFO] IPUIPlugin:80 - create IPUIPlugin
2025-05-30 11:39:45,194 [INFO] PluginManager:220 - loadIPPluginJar : add gpio
2025-05-30 11:39:45,197 [INFO] IPUIPlugin:80 - create IPUIPlugin
2025-05-30 11:39:45,197 [INFO] PluginManager:220 - loadIPPluginJar : add gtzc
2025-05-30 11:39:45,200 [INFO] IPUIPlugin:80 - create IPUIPlugin
2025-05-30 11:39:45,200 [INFO] PluginManager:220 - loadIPPluginJar : add hash
2025-05-30 11:39:45,204 [INFO] IPUIPlugin:80 - create IPUIPlugin
2025-05-30 11:39:45,204 [INFO] PluginManager:220 - loadIPPluginJar : add i2c
2025-05-30 11:39:45,208 [INFO] IPUIPlugin:80 - create IPUIPlugin
2025-05-30 11:39:45,209 [INFO] PluginManager:220 - loadIPPluginJar : add i2s
2025-05-30 11:39:45,214 [INFO] IPUIPlugin:80 - create IPUIPlugin
2025-05-30 11:39:45,214 [INFO] PluginManager:220 - loadIPPluginJar : add i3c
2025-05-30 11:39:45,220 [INFO] IPUIPlugin:80 - create IPUIPlugin
2025-05-30 11:39:45,221 [INFO] PluginManager:220 - loadIPPluginJar : add ipddr
2025-05-30 11:39:45,229 [INFO] IPUIPlugin:80 - create IPUIPlugin
2025-05-30 11:39:45,229 [INFO] PluginManager:220 - loadIPPluginJar : add linkedlist
2025-05-30 11:39:45,233 [INFO] IPUIPlugin:80 - create IPUIPlugin
2025-05-30 11:39:45,233 [INFO] PluginManager:220 - loadIPPluginJar : add lorawan
2025-05-30 11:39:45,236 [INFO] IPUIPlugin:80 - create IPUIPlugin
2025-05-30 11:39:45,236 [INFO] PluginManager:220 - loadIPPluginJar : add ltdc
2025-05-30 11:39:45,243 [INFO] IPUIPlugin:80 - create IPUIPlugin
2025-05-30 11:39:45,244 [INFO] PluginManager:220 - loadIPPluginJar : add mdma
2025-05-30 11:39:45,248 [INFO] IPUIPlugin:80 - create IPUIPlugin
2025-05-30 11:39:45,248 [INFO] PluginManager:220 - loadIPPluginJar : add nvic
2025-05-30 11:39:45,253 [INFO] IPUIPlugin:80 - create IPUIPlugin
2025-05-30 11:39:45,253 [INFO] PluginManager:220 - loadIPPluginJar : add opamp
2025-05-30 11:39:45,258 [INFO] IPUIPlugin:80 - create IPUIPlugin
2025-05-30 11:39:45,258 [INFO] PluginManager:220 - loadIPPluginJar : add openamp
2025-05-30 11:39:45,262 [INFO] IPUIPlugin:80 - create IPUIPlugin
2025-05-30 11:39:45,262 [INFO] PluginManager:220 - loadIPPluginJar : add pdm2pcm
2025-05-30 11:39:45,271 [INFO] IPUIPlugin:80 - create IPUIPlugin
2025-05-30 11:39:45,275 [INFO] PluginManager:220 - loadIPPluginJar : add plateformsettings
2025-05-30 11:39:45,277 [INFO] IPUIPlugin:80 - create IPUIPlugin
2025-05-30 11:39:45,277 [INFO] PluginManager:220 - loadIPPluginJar : add quadspi
2025-05-30 11:39:45,279 [INFO] IPUIPlugin:80 - create IPUIPlugin
2025-05-30 11:39:45,280 [INFO] PluginManager:220 - loadIPPluginJar : add radio
2025-05-30 11:39:45,284 [INFO] IPUIPlugin:80 - create IPUIPlugin
2025-05-30 11:39:45,284 [INFO] PluginManager:220 - loadIPPluginJar : add resmgrutility
2025-05-30 11:39:45,289 [INFO] IPUIPlugin:80 - create IPUIPlugin
2025-05-30 11:39:45,289 [INFO] PluginManager:220 - loadIPPluginJar : add sai
2025-05-30 11:39:45,292 [INFO] IPUIPlugin:80 - create IPUIPlugin
2025-05-30 11:39:45,292 [INFO] PluginManager:220 - loadIPPluginJar : add spi
2025-05-30 11:39:45,300 [INFO] IPUIPlugin:80 - create IPUIPlugin
2025-05-30 11:39:45,300 [INFO] PluginManager:220 - loadIPPluginJar : add stm32_wpan
2025-05-30 11:39:45,302 [INFO] IPUIPlugin:80 - create IPUIPlugin
2025-05-30 11:39:45,303 [INFO] PluginManager:220 - loadIPPluginJar : add tim
2025-05-30 11:39:45,308 [INFO] IPUIPlugin:80 - create IPUIPlugin
2025-05-30 11:39:45,308 [INFO] PluginManager:220 - loadIPPluginJar : add touchsensing
2025-05-30 11:39:45,313 [INFO] IPUIPlugin:80 - create IPUIPlugin
2025-05-30 11:39:45,313 [INFO] PluginManager:220 - loadIPPluginJar : add tracer_emb
2025-05-30 11:39:45,316 [INFO] IPUIPlugin:80 - create IPUIPlugin
2025-05-30 11:39:45,316 [INFO] PluginManager:220 - loadIPPluginJar : add ts
2025-05-30 11:39:45,320 [INFO] IPUIPlugin:80 - create IPUIPlugin
2025-05-30 11:39:45,320 [INFO] PluginManager:220 - loadIPPluginJar : add tsc
2025-05-30 11:39:45,326 [INFO] IPUIPlugin:80 - create IPUIPlugin
2025-05-30 11:39:45,326 [INFO] PluginManager:220 - loadIPPluginJar : add ucpd
2025-05-30 11:39:45,331 [INFO] IPUIPlugin:80 - create IPUIPlugin
2025-05-30 11:39:45,331 [INFO] PluginManager:220 - loadIPPluginJar : add usart
2025-05-30 11:39:45,336 [INFO] IPUIPlugin:80 - create IPUIPlugin
2025-05-30 11:39:45,337 [INFO] PluginManager:220 - loadIPPluginJar : add usbx
2025-05-30 11:39:45,506 [FATAL] Updater:351 - Updater called before beeing initialized
2025-05-30 11:39:45,549 [INFO] RulesReader:64 - Compatibility file has been processed (301 Rules)
2025-05-30 11:39:45,568 [INFO] RulesReader:64 - Compatibility file has been processed (301 Rules)
2025-05-30 11:39:45,581 [INFO] CADModel:165 - CPN selected for project level
2025-05-30 11:39:45,581 [INFO] CADModel:114 - Register for checkConnection events
2025-05-30 11:39:45,582 [FATAL] Updater:351 - Updater called before beeing initialized
2025-05-30 11:39:45,582 [ERROR] CADModel:125 - Updater not yet initialized, retry later 
2025-05-30 11:39:45,806 [FATAL] Updater:351 - Updater called before beeing initialized
2025-05-30 11:39:45,808 [INFO] CADModel:165 - CPN selected for project level
2025-05-30 11:39:45,809 [INFO] CADModel:114 - Register for checkConnection events
2025-05-30 11:39:45,809 [FATAL] Updater:351 - Updater called before beeing initialized
2025-05-30 11:39:45,809 [ERROR] CADModel:125 - Updater not yet initialized, retry later 
2025-05-30 11:39:45,813 [FATAL] Updater:351 - Updater called before beeing initialized
2025-05-30 11:39:45,947 [FATAL] Updater:351 - Updater called before beeing initialized
2025-05-30 11:39:45,953 [INFO] DbMcusAds:53 - JSON generation date=Wed May 07 19:07:55 AEST 2025 (1746608875638)
2025-05-30 11:39:45,953 [FATAL] Updater:351 - Updater called before beeing initialized
2025-05-30 11:39:45,993 [WARN] DetailPanel:346 - Failed to get advertising image, set to default
2025-05-30 11:39:46,282 [FATAL] Updater:351 - Updater called before beeing initialized
2025-05-30 11:39:46,284 [FATAL] Updater:351 - Updater called before beeing initialized
2025-05-30 11:39:46,284 [FATAL] Updater:351 - Updater called before beeing initialized
2025-05-30 11:39:46,284 [WARN] DetailPanel:346 - Failed to get advertising image, set to default
2025-05-30 11:39:46,285 [FATAL] Updater:351 - Updater called before beeing initialized
2025-05-30 11:39:46,337 [ERROR] Updater:1198 - MainUpdater not yet initialized. External WinMGr cannot be set.
2025-05-30 11:39:46,338 [INFO] Updater:1134 - Updater Version found : 6.14.0
2025-05-30 11:39:46,357 [INFO] ApplicationProperties:184 - Using Application install path: C:\ST\STM32CubeIDE_1.18.0\STM32CubeIDE\plugins\com.st.stm32cube.common.mx_6.14.0.202502271554
2025-05-30 11:39:47,491 [INFO] ThirdPartyUpdaterWithRetryManager:70 - Updater plugin not ready yet. [2/15]
2025-05-30 11:39:47,929 [ERROR] LogOutputStream:75 - [STDERR_REDIRECT] May 30, 2025 11:39:47 AM java.util.prefs.WindowsPreferences <init>
2025-05-30 11:39:47,931 [ERROR] LogOutputStream:75 - [STDERR_REDIRECT] WARNING: Could not open/create prefs root node Software\JavaSoft\Prefs at root 0xffffffff80000002. Windows RegCreateKeyEx(...) returned error code 5.
2025-05-30 11:39:47,931 [ERROR] LogOutputStream:75 - [STDERR_REDIRECT] 
2025-05-30 11:39:48,262 [INFO] MainUpdater:2872 - connection check result : 10
2025-05-30 11:39:48,262 [INFO] MainUpdater:289 - Updater Check For Update Now.
2025-05-30 11:39:48,263 [INFO] MicroXplorer:498 - Change Database Version : DB.6.0.140
2025-05-30 11:39:48,279 [INFO] McuFinderGlobals:63 - Set McuFinder mode to 2 (CubeIDE integrated)
2025-05-30 11:39:48,280 [INFO] UserAuth:486 - Internet connection configuration mode: 1
2025-05-30 11:39:48,327 [INFO] JxBrowserEngine:152 - Initiate JxBrowser Engine with user profile folder
2025-05-30 11:39:48,482 [INFO] CheckServerUpdateThread:120 - End of CheckServer Thread
2025-05-30 11:39:49,209 [INFO] WebApp:169 - Instantiating new browser for Auth
2025-05-30 11:39:50,137 [INFO] WebApp:463 - Apply proxy settings
2025-05-30 11:39:50,138 [INFO] WebApp:548 - Chromium requires no authentication
2025-05-30 11:39:50,147 [INFO] WebApp:491 - Direct internet connection detected
2025-05-30 11:39:50,172 [INFO] WebApp:894 - Register for checkConnection events
2025-05-30 11:39:50,172 [INFO] WebApp:463 - Apply proxy settings
2025-05-30 11:39:50,172 [INFO] WebApp:548 - Chromium requires no authentication
2025-05-30 11:39:50,173 [INFO] WebApp:491 - Direct internet connection detected
2025-05-30 11:39:50,352 [INFO] WebApp:225 - Starting web application
2025-05-30 11:39:50,352 [INFO] WebApp:593 - Web application path used C:\ST\STM32CubeIDE_1.18.0\STM32CubeIDE\plugins\com.st.stm32cube.common.mx_6.14.0.202502271554\db\plugins\mcufinder\reactClient1\index.html
2025-05-30 11:39:50,468 [INFO] UserAuth:486 - Internet connection configuration mode: 1
2025-05-30 11:39:50,613 [ERROR] LogOutputStream:75 - [STDERR_REDIRECT] [Fatal Error] :1:1: Premature end of file.
2025-05-30 11:39:50,614 [ERROR] LogOutputStream:75 - [STDERR_REDIRECT] 
2025-05-30 11:39:50,721 [INFO] WebApp:191 - Connection restablished
2025-05-30 11:39:50,852 [WARN] PackLoader:240 - Cannot read IP mode file for STMicroelectronics.FP-SNS-MOTENVWB1.1.4.0
2025-05-30 11:39:50,868 [WARN] PackLoader:240 - Cannot read IP mode file for STMicroelectronics.FP-ATR-ASTRA1.2.0.2
2025-05-30 11:39:50,881 [WARN] PackLoader:240 - Cannot read IP mode file for STMicroelectronics.X-CUBE-SMBUS.2.1.0
2025-05-30 11:39:50,899 [WARN] PackLoader:240 - Cannot read IP mode file for STMicroelectronics.X-CUBE-WB05N.1.1.0
2025-05-30 11:39:50,912 [WARN] PackLoader:240 - Cannot read IP mode file for STMicroelectronics.X-CUBE-ST60.1.0.0
2025-05-30 11:39:50,976 [WARN] PackLoader:240 - Cannot read IP mode file for STMicroelectronics.X-CUBE-AZRTOS-F7.1.1.0
2025-05-30 11:39:50,996 [WARN] PackLoader:240 - Cannot read IP mode file for STMicroelectronics.FP-SNS-FLIGHT1.5.0.2
2025-05-30 11:39:51,041 [WARN] PackLoader:240 - Cannot read IP mode file for Infineon.AIROC-Wi-Fi-Bluetooth-STM32.1.7.0
2025-05-30 11:39:51,054 [WARN] PackLoader:240 - Cannot read IP mode file for STMicroelectronics.X-CUBE-DISPLAY.3.0.0
2025-05-30 11:39:51,064 [WARN] PackLoader:240 - Cannot read IP mode file for STMicroelectronics.X-CUBE-BLE1.7.0.0
2025-05-30 11:39:51,075 [WARN] PackLoader:240 - Cannot read IP mode file for STMicroelectronics.X-CUBE-NFC10.1.0.0
2025-05-30 11:39:51,089 [WARN] PackLoader:240 - Cannot read IP mode file for STMicroelectronics.X-CUBE-BLEMGR.4.0.0
2025-05-30 11:39:51,097 [WARN] PackLoader:240 - Cannot read IP mode file for emotas.I-CUBE-CANOPEN.1.3.0
2025-05-30 11:39:51,102 [WARN] PackLoader:240 - Cannot read IP mode file for STMicroelectronics.X-CUBE-AI.10.0.0
2025-05-30 11:39:51,107 [WARN] PackLoader:240 - Cannot read IP mode file for STMicroelectronics.FP-SNS-SMARTAG2.1.2.0
2025-05-30 11:39:51,111 [WARN] PackLoader:240 - Cannot read IP mode file for STMicroelectronics.FP-SNS-FLIGHT1.5.1.0
2025-05-30 11:39:51,180 [WARN] PackLoader:240 - Cannot read IP mode file for STMicroelectronics.X-CUBE-MEMS1.11.1.0
2025-05-30 11:39:51,312 [INFO] LogOutputStream:77 - [STDOUT_REDIRECT] 1 : Invalid condition id : UX_CORESTACK_Condition cause : null
2025-05-30 11:39:51,312 [INFO] LogOutputStream:77 - [STDOUT_REDIRECT] 1 : Invalid condition id : UX_CORESTACK_Condition cause : null
2025-05-30 11:39:51,313 [INFO] LogOutputStream:77 - [STDOUT_REDIRECT] 1 : Invalid condition id : UX_CORESTACK_Condition cause : null
2025-05-30 11:39:51,314 [INFO] LogOutputStream:77 - [STDOUT_REDIRECT] 1 : Invalid condition id : UX_CORESTACK_Condition cause : null
2025-05-30 11:39:51,316 [INFO] LogOutputStream:77 - [STDOUT_REDIRECT] 1 : Invalid condition id : UX_CORESTACK_Condition cause : null
2025-05-30 11:39:51,319 [WARN] PackLoader:240 - Cannot read IP mode file for STMicroelectronics.X-CUBE-AZRTOS-WL.2.0.0
2025-05-30 11:39:51,329 [WARN] PackLoader:240 - Cannot read IP mode file for STMicroelectronics.FP-SNS-MOTENV1.5.0.0
2025-05-30 11:39:51,347 [WARN] PackLoader:240 - Cannot read IP mode file for WES.I-CUBE-Cesium.1.3.0
2025-05-30 11:39:51,355 [WARN] PackLoader:240 - Cannot read IP mode file for STMicroelectronics.X-CUBE-BLE2.3.3.0
2025-05-30 11:39:51,363 [WARN] PackLoader:240 - Cannot read IP mode file for STMicroelectronics.X-CUBE-NFC9.1.0.0
2025-05-30 11:39:51,371 [WARN] PackLoader:240 - Cannot read IP mode file for STMicroelectronics.X-CUBE-BLE1.7.1.0
2025-05-30 11:39:51,375 [WARN] PackLoader:240 - Cannot read IP mode file for wolfSSL.I-CUBE-wolfMQTT.1.19.2
2025-05-30 11:39:51,424 [WARN] PackLoader:240 - Cannot read IP mode file for STMicroelectronics.X-CUBE-MEMS1.11.2.0
2025-05-30 11:39:51,599 [ERROR] LogOutputStream:75 - [STDERR_REDIRECT] [Fatal Error] :1:1: Premature end of file.
2025-05-30 11:39:51,600 [ERROR] LogOutputStream:75 - [STDERR_REDIRECT] 
2025-05-30 11:39:51,605 [WARN] PackLoader:240 - Cannot read IP mode file for STMicroelectronics.X-CUBE-AZRTOS-G0.1.1.0
2025-05-30 11:39:51,612 [WARN] PackLoader:240 - Cannot read IP mode file for STMicroelectronics.X-CUBE-SAFEA1.1.2.2
2025-05-30 11:39:51,618 [WARN] PackLoader:240 - Cannot read IP mode file for STMicroelectronics.X-CUBE-NFC4.3.0.0
2025-05-30 11:39:51,626 [WARN] PackLoader:240 - Cannot read IP mode file for EmbeddedOffice.I-CUBE-FS-RTOS.1.0.1
2025-05-30 11:39:51,631 [WARN] PackLoader:240 - Cannot read IP mode file for STMicroelectronics.X-CUBE-WB05N.2.0.0
2025-05-30 11:39:51,637 [WARN] PackLoader:240 - Cannot read IP mode file for wolfSSL.I-CUBE-wolfTPM.3.8.0
2025-05-30 11:39:51,641 [WARN] PackLoader:240 - Cannot read IP mode file for STMicroelectronics.X-CUBE-TCPP.4.2.0
2025-05-30 11:39:51,646 [WARN] PackLoader:240 - Cannot read IP mode file for RealThread.X-CUBE-RT-Thread_Nano.4.1.1
2025-05-30 11:39:51,653 [WARN] PackLoader:240 - Cannot read IP mode file for STMicroelectronics.FP-ATR-SIGFOX1.3.2.0
2025-05-30 11:39:51,657 [WARN] ConditionMgr:438 - getConditionDescription Invalid condition id : Cortex-A Device cause : null
2025-05-30 11:39:51,677 [WARN] ConditionMgr:1044 - genDependencies : Invalid condition id : Cortex-A Device cause : null
2025-05-30 11:39:51,677 [WARN] ConditionMgr:1044 - genDependencies : Invalid condition id : Cortex-A Device cause : null
2025-05-30 11:39:51,678 [WARN] ConditionMgr:1044 - genDependencies : Invalid condition id : Cortex-A Device cause : null
2025-05-30 11:39:51,683 [WARN] PackLoader:240 - Cannot read IP mode file for STMicroelectronics.X-CUBE-EEPRMA1.5.1.0
2025-05-30 11:39:51,690 [WARN] PackLoader:240 - Cannot read IP mode file for wolfSSL.I-CUBE-wolfSSL.5.7.6
2025-05-30 11:39:51,698 [WARN] PackLoader:240 - Cannot read IP mode file for ITTIA_DB.I-CUBE-ITTIADB.8.9.0
2025-05-30 11:39:51,725 [WARN] PackLoader:240 - Cannot read IP mode file for SEGGER.I-CUBE-embOS.1.3.1
2025-05-30 11:39:51,767 [WARN] PackLoader:240 - Cannot read IP mode file for STMicroelectronics.X-CUBE-ALGOBUILD.1.4.0
2025-05-30 11:39:51,781 [WARN] PackLoader:240 - Cannot read IP mode file for STMicroelectronics.X-CUBE-AZRTOS-F4.1.1.0
2025-05-30 11:39:51,786 [WARN] PackLoader:240 - Cannot read IP mode file for Avnet-IotConnect.X-CUBE-IoTC-DA16k-PMOD.1.0.0
2025-05-30 11:39:51,789 [WARN] PackLoader:240 - Cannot read IP mode file for STMicroelectronics.X-CUBE-ISPU.2.1.0
2025-05-30 11:39:51,803 [WARN] PackLoader:240 - Cannot read IP mode file for STMicroelectronics.X-CUBE-AZRTOS-L5.2.0.0
2025-05-30 11:39:51,809 [WARN] PackLoader:240 - Cannot read IP mode file for STMicroelectronics.X-CUBE-NFC6.3.1.0
2025-05-30 11:39:51,818 [WARN] PackLoader:240 - Cannot read IP mode file for STMicroelectronics.X-CUBE-DPower.1.2.0
2025-05-30 11:39:51,823 [WARN] PackLoader:240 - Cannot read IP mode file for STMicroelectronics.X-CUBE-FREERTOS.1.3.1
2025-05-30 11:39:51,826 [WARN] PackLoader:240 - Cannot read IP mode file for STMicroelectronics.X-CUBE-FREERTOS.1.3.0
2025-05-30 11:39:51,833 [WARN] PackLoader:240 - Cannot read IP mode file for STMicroelectronics.X-CUBE-NFC7.1.0.1
2025-05-30 11:39:51,839 [WARN] PackLoader:240 - Cannot read IP mode file for STMicroelectronics.X-CUBE-DPower.1.3.0
2025-05-30 11:39:51,851 [WARN] ConditionMgr:438 - getConditionDescription Invalid condition id : LAN8742 Phy interface Condition cause : null
2025-05-30 11:39:51,852 [WARN] PackLoader:240 - Cannot read IP mode file for STMicroelectronics.X-CUBE-AZRTOS-L4.2.0.0
2025-05-30 11:39:51,853 [WARN] ConditionMgr:1044 - genDependencies : Invalid condition id : LAN8742 Phy interface Condition cause : null
2025-05-30 11:39:51,853 [WARN] ConditionMgr:1044 - genDependencies : Invalid condition id : LAN8742 Phy interface Condition cause : null
2025-05-30 11:39:51,853 [WARN] ConditionMgr:1044 - genDependencies : Invalid condition id : LAN8742 Phy interface Condition cause : null
2025-05-30 11:39:51,859 [WARN] PackLoader:240 - Cannot read IP mode file for STMicroelectronics.X-CUBE-SFXS2LP1.4.0.0
2025-05-30 11:39:51,875 [WARN] PackLoader:240 - Cannot read IP mode file for STMicroelectronics.X-CUBE-AZRTOS-H7.3.3.0
2025-05-30 11:39:51,887 [WARN] ConditionMgr:438 - getConditionDescription Invalid condition id : UX DEVICE CLASS RTOS Condition cause : null
2025-05-30 11:39:51,887 [WARN] ConditionMgr:438 - getConditionDescription Invalid condition id : UX DEVICE CLASS RTOS Condition cause : null
2025-05-30 11:39:51,888 [WARN] PackLoader:240 - Cannot read IP mode file for STMicroelectronics.X-CUBE-AZRTOS-WB.2.0.0
2025-05-30 11:39:51,889 [WARN] ConditionMgr:1044 - genDependencies : Invalid condition id : UX DEVICE CLASS RTOS Condition cause : null
2025-05-30 11:39:51,889 [WARN] ConditionMgr:1044 - genDependencies : Invalid condition id : UX DEVICE CLASS RTOS Condition cause : null
2025-05-30 11:39:51,889 [WARN] ConditionMgr:1044 - genDependencies : Invalid condition id : UX DEVICE CLASS RTOS Condition cause : null
2025-05-30 11:39:51,890 [WARN] ConditionMgr:1044 - genDependencies : Invalid condition id : UX DEVICE CLASS RTOS Condition cause : null
2025-05-30 11:39:51,890 [WARN] ConditionMgr:1044 - genDependencies : Invalid condition id : UX DEVICE CLASS RTOS Condition cause : null
2025-05-30 11:39:51,899 [WARN] PackLoader:240 - Cannot read IP mode file for STMicroelectronics.X-CUBE-GNSS1.7.0.1
2025-05-30 11:39:51,904 [WARN] PackLoader:240 - Cannot read IP mode file for STMicroelectronics.X-CUBE-TOUCHGFX.4.25.0
2025-05-30 11:39:51,913 [WARN] PackLoader:240 - Cannot read IP mode file for STMicroelectronics.FP-SNS-STBOX1.2.0.0
2025-05-30 11:39:51,923 [WARN] PackLoader:240 - Cannot read IP mode file for STMicroelectronics.X-CUBE-SUBG2.5.0.0
2025-05-30 11:39:51,945 [WARN] PackLoader:240 - Cannot read IP mode file for STMicroelectronics.X-CUBE-AZRTOS-H7RS.1.1.0
2025-05-30 11:39:51,952 [WARN] PackLoader:240 - Cannot read IP mode file for Cesanta.I-CUBE-Mongoose.7.13.0
2025-05-30 11:39:51,961 [WARN] PackLoader:240 - Cannot read IP mode file for STMicroelectronics.X-CUBE-AZRTOS-G4.2.0.0
2025-05-30 11:39:51,967 [WARN] PackLoader:240 - Cannot read IP mode file for wolfSSL.I-CUBE-wolfSSH.1.4.20
2025-05-30 11:39:51,974 [WARN] PackLoader:240 - Cannot read IP mode file for STMicroelectronics.X-CUBE-NFC7.2.0.0
2025-05-30 11:39:51,992 [WARN] PackLoader:240 - Cannot read IP mode file for STMicroelectronics.X-CUBE-IPS.3.1.0
2025-05-30 11:39:52,001 [WARN] PackLoader:240 - Cannot read IP mode file for STMicroelectronics.X-CUBE-ALS.1.0.2
2025-05-30 11:39:52,004 [WARN] PackLoader:240 - Cannot read IP mode file for STMicroelectronics.X-CUBE-TOUCHGFX.4.24.2
2025-05-30 11:39:52,008 [WARN] PackLoader:240 - Cannot read IP mode file for portGmbH.I-Cube-SoM-uGOAL.1.1.0
2025-05-30 11:39:52,019 [WARN] PackLoader:240 - Cannot read IP mode file for STMicroelectronics.X-CUBE-AZRTOS-H7RS.1.0.0
2025-05-30 11:39:52,030 [WARN] PackLoader:240 - Cannot read IP mode file for STMicroelectronics.X-CUBE-TOF1.3.4.2
2025-05-30 11:39:52,045 [WARN] PackLoader:240 - Cannot read IP mode file for STMicroelectronics.X-CUBE-TOF1.3.4.3
2025-05-30 11:39:52,053 [INFO] ThirdParty:978 - Integrity check success = true
2025-05-30 11:39:52,053 [INFO] IntegrityCheckThread:100 - exiting critical section [integrity check]
2025-05-30 11:39:52,053 [INFO] IntegrityCheckThread:103 - End integrity checks thread
2025-05-30 11:39:52,586 [ERROR] LogOutputStream:75 - [STDERR_REDIRECT] [Fatal Error] :1:1: Premature end of file.
2025-05-30 11:39:52,586 [ERROR] LogOutputStream:75 - [STDERR_REDIRECT] 
2025-05-30 11:39:53,587 [ERROR] LogOutputStream:75 - [STDERR_REDIRECT] [Fatal Error] :1:1: Premature end of file.
2025-05-30 11:39:53,587 [ERROR] LogOutputStream:75 - [STDERR_REDIRECT] 
2025-05-30 11:39:54,585 [ERROR] LogOutputStream:75 - [STDERR_REDIRECT] [Fatal Error] :1:1: Premature end of file.
2025-05-30 11:39:54,585 [ERROR] LogOutputStream:75 - [STDERR_REDIRECT] 
2025-05-30 11:39:55,587 [ERROR] LogOutputStream:75 - [STDERR_REDIRECT] [Fatal Error] :1:1: Premature end of file.
2025-05-30 11:39:55,587 [ERROR] LogOutputStream:75 - [STDERR_REDIRECT] 
2025-05-30 11:39:56,601 [ERROR] LogOutputStream:75 - [STDERR_REDIRECT] [Fatal Error] :1:1: Premature end of file.
2025-05-30 11:39:56,601 [ERROR] LogOutputStream:75 - [STDERR_REDIRECT] 
2025-05-30 11:39:57,585 [ERROR] LogOutputStream:75 - [STDERR_REDIRECT] [Fatal Error] :1:1: Premature end of file.
2025-05-30 11:39:57,586 [ERROR] LogOutputStream:75 - [STDERR_REDIRECT] 
2025-05-30 11:39:58,587 [ERROR] LogOutputStream:75 - [STDERR_REDIRECT] [Fatal Error] :1:1: Premature end of file.
2025-05-30 11:39:58,588 [ERROR] LogOutputStream:75 - [STDERR_REDIRECT] 
2025-05-30 11:39:59,585 [ERROR] LogOutputStream:75 - [STDERR_REDIRECT] [Fatal Error] :1:1: Premature end of file.
2025-05-30 11:39:59,586 [ERROR] LogOutputStream:75 - [STDERR_REDIRECT] 
2025-05-30 11:40:00,586 [ERROR] LogOutputStream:75 - [STDERR_REDIRECT] [Fatal Error] :1:1: Premature end of file.
2025-05-30 11:40:00,587 [ERROR] LogOutputStream:75 - [STDERR_REDIRECT] 
2025-05-30 11:40:01,592 [ERROR] LogOutputStream:75 - [STDERR_REDIRECT] [Fatal Error] :1:1: Premature end of file.
2025-05-30 11:40:01,593 [ERROR] LogOutputStream:75 - [STDERR_REDIRECT] 
2025-05-30 11:40:02,589 [ERROR] LogOutputStream:75 - [STDERR_REDIRECT] [Fatal Error] :1:1: Premature end of file.
2025-05-30 11:40:02,589 [ERROR] LogOutputStream:75 - [STDERR_REDIRECT] 
2025-05-30 11:40:03,590 [ERROR] LogOutputStream:75 - [STDERR_REDIRECT] [Fatal Error] :1:1: Premature end of file.
2025-05-30 11:40:03,590 [ERROR] LogOutputStream:75 - [STDERR_REDIRECT] 
2025-05-30 11:40:04,602 [ERROR] LogOutputStream:75 - [STDERR_REDIRECT] [Fatal Error] :1:1: Premature end of file.
2025-05-30 11:40:04,603 [ERROR] LogOutputStream:75 - [STDERR_REDIRECT] 
2025-05-30 11:40:05,589 [ERROR] LogOutputStream:75 - [STDERR_REDIRECT] [Fatal Error] :1:1: Premature end of file.
2025-05-30 11:40:05,590 [ERROR] LogOutputStream:75 - [STDERR_REDIRECT] 
2025-05-30 11:40:06,585 [ERROR] LogOutputStream:75 - [STDERR_REDIRECT] [Fatal Error] :1:1: Premature end of file.
2025-05-30 11:40:06,585 [ERROR] LogOutputStream:75 - [STDERR_REDIRECT] 
2025-05-30 11:40:07,587 [ERROR] LogOutputStream:75 - [STDERR_REDIRECT] [Fatal Error] :1:1: Premature end of file.
2025-05-30 11:40:07,588 [ERROR] LogOutputStream:75 - [STDERR_REDIRECT] 
2025-05-30 11:40:08,595 [ERROR] LogOutputStream:75 - [STDERR_REDIRECT] [Fatal Error] :1:1: Premature end of file.
2025-05-30 11:40:08,596 [ERROR] LogOutputStream:75 - [STDERR_REDIRECT] 
2025-05-30 11:40:09,591 [ERROR] LogOutputStream:75 - [STDERR_REDIRECT] [Fatal Error] :1:1: Premature end of file.
2025-05-30 11:40:09,592 [ERROR] LogOutputStream:75 - [STDERR_REDIRECT] 
2025-05-30 11:40:10,584 [ERROR] LogOutputStream:75 - [STDERR_REDIRECT] [Fatal Error] :1:1: Premature end of file.
2025-05-30 11:40:10,585 [ERROR] LogOutputStream:75 - [STDERR_REDIRECT] 
2025-05-30 11:40:11,576 [ERROR] LogOutputStream:75 - [STDERR_REDIRECT] [Fatal Error] :1:1: Premature end of file.
2025-05-30 11:40:11,577 [ERROR] LogOutputStream:75 - [STDERR_REDIRECT] 
2025-05-30 11:40:12,590 [ERROR] LogOutputStream:75 - [STDERR_REDIRECT] [Fatal Error] :1:1: Premature end of file.
2025-05-30 11:40:12,590 [ERROR] LogOutputStream:75 - [STDERR_REDIRECT] 
2025-05-30 11:40:13,597 [ERROR] LogOutputStream:75 - [STDERR_REDIRECT] [Fatal Error] :1:1: Premature end of file.
2025-05-30 11:40:13,597 [ERROR] LogOutputStream:75 - [STDERR_REDIRECT] 
2025-05-30 11:40:14,603 [ERROR] LogOutputStream:75 - [STDERR_REDIRECT] [Fatal Error] :1:1: Premature end of file.
2025-05-30 11:40:14,604 [ERROR] LogOutputStream:75 - [STDERR_REDIRECT] 
2025-05-30 11:40:15,572 [ERROR] LogOutputStream:75 - [STDERR_REDIRECT] [Fatal Error] :1:1: Premature end of file.
2025-05-30 11:40:15,574 [ERROR] LogOutputStream:75 - [STDERR_REDIRECT] 
2025-05-30 11:40:16,587 [ERROR] LogOutputStream:75 - [STDERR_REDIRECT] [Fatal Error] :1:1: Premature end of file.
2025-05-30 11:40:16,587 [ERROR] LogOutputStream:75 - [STDERR_REDIRECT] 
2025-05-30 11:40:17,608 [ERROR] LogOutputStream:75 - [STDERR_REDIRECT] [Fatal Error] :1:1: Premature end of file.
2025-05-30 11:40:17,608 [ERROR] LogOutputStream:75 - [STDERR_REDIRECT] 
2025-05-30 11:40:18,581 [ERROR] LogOutputStream:75 - [STDERR_REDIRECT] [Fatal Error] :1:1: Premature end of file.
2025-05-30 11:40:18,581 [ERROR] LogOutputStream:75 - [STDERR_REDIRECT] 
2025-05-30 11:40:19,585 [ERROR] LogOutputStream:75 - [STDERR_REDIRECT] [Fatal Error] :1:1: Premature end of file.
2025-05-30 11:40:19,585 [ERROR] LogOutputStream:75 - [STDERR_REDIRECT] 
2025-05-30 11:40:20,576 [ERROR] LogOutputStream:75 - [STDERR_REDIRECT] [Fatal Error] :1:1: Premature end of file.
2025-05-30 11:40:20,577 [ERROR] LogOutputStream:75 - [STDERR_REDIRECT] 
2025-05-30 11:40:21,583 [ERROR] LogOutputStream:75 - [STDERR_REDIRECT] [Fatal Error] :1:1: Premature end of file.
2025-05-30 11:40:21,583 [ERROR] LogOutputStream:75 - [STDERR_REDIRECT] 
2025-05-30 11:40:22,580 [ERROR] LogOutputStream:75 - [STDERR_REDIRECT] [Fatal Error] :1:1: Premature end of file.
2025-05-30 11:40:22,580 [ERROR] LogOutputStream:75 - [STDERR_REDIRECT] 
2025-05-30 11:40:23,585 [ERROR] LogOutputStream:75 - [STDERR_REDIRECT] [Fatal Error] :1:1: Premature end of file.
2025-05-30 11:40:23,586 [ERROR] LogOutputStream:75 - [STDERR_REDIRECT] 
2025-05-30 11:40:24,581 [ERROR] LogOutputStream:75 - [STDERR_REDIRECT] [Fatal Error] :1:1: Premature end of file.
2025-05-30 11:40:24,582 [ERROR] LogOutputStream:75 - [STDERR_REDIRECT] 
2025-05-30 11:40:25,589 [ERROR] LogOutputStream:75 - [STDERR_REDIRECT] [Fatal Error] :1:1: Premature end of file.
2025-05-30 11:40:25,590 [ERROR] LogOutputStream:75 - [STDERR_REDIRECT] 
2025-05-30 11:40:26,592 [ERROR] LogOutputStream:75 - [STDERR_REDIRECT] [Fatal Error] :1:1: Premature end of file.
2025-05-30 11:40:26,593 [ERROR] LogOutputStream:75 - [STDERR_REDIRECT] 
2025-05-30 11:40:27,584 [ERROR] LogOutputStream:75 - [STDERR_REDIRECT] [Fatal Error] :1:1: Premature end of file.
2025-05-30 11:40:27,585 [ERROR] LogOutputStream:75 - [STDERR_REDIRECT] 
2025-05-30 11:40:28,593 [ERROR] LogOutputStream:75 - [STDERR_REDIRECT] [Fatal Error] :1:1: Premature end of file.
2025-05-30 11:40:28,595 [ERROR] LogOutputStream:75 - [STDERR_REDIRECT] 
2025-05-30 11:40:29,592 [ERROR] LogOutputStream:75 - [STDERR_REDIRECT] [Fatal Error] :1:1: Premature end of file.
2025-05-30 11:40:29,592 [ERROR] LogOutputStream:75 - [STDERR_REDIRECT] 
2025-05-30 11:40:30,615 [ERROR] LogOutputStream:75 - [STDERR_REDIRECT] [Fatal Error] :1:1: Premature end of file.
2025-05-30 11:40:30,615 [ERROR] LogOutputStream:75 - [STDERR_REDIRECT] 
2025-05-30 11:40:31,604 [ERROR] LogOutputStream:75 - [STDERR_REDIRECT] [Fatal Error] :1:1: Premature end of file.
2025-05-30 11:40:31,604 [ERROR] LogOutputStream:75 - [STDERR_REDIRECT] 
2025-05-30 11:40:32,594 [ERROR] LogOutputStream:75 - [STDERR_REDIRECT] [Fatal Error] :1:1: Premature end of file.
2025-05-30 11:40:32,613 [ERROR] LogOutputStream:75 - [STDERR_REDIRECT] 
2025-05-30 11:40:33,603 [ERROR] LogOutputStream:75 - [STDERR_REDIRECT] [Fatal Error] :1:1: Premature end of file.
2025-05-30 11:40:33,603 [ERROR] LogOutputStream:75 - [STDERR_REDIRECT] 
2025-05-30 11:40:34,591 [ERROR] LogOutputStream:75 - [STDERR_REDIRECT] [Fatal Error] :1:1: Premature end of file.
2025-05-30 11:40:34,591 [ERROR] LogOutputStream:75 - [STDERR_REDIRECT] 
2025-05-30 11:40:35,578 [ERROR] LogOutputStream:75 - [STDERR_REDIRECT] [Fatal Error] :1:1: Premature end of file.
2025-05-30 11:40:35,579 [ERROR] LogOutputStream:75 - [STDERR_REDIRECT] 
2025-05-30 11:40:36,589 [ERROR] LogOutputStream:75 - [STDERR_REDIRECT] [Fatal Error] :1:1: Premature end of file.
2025-05-30 11:40:36,589 [ERROR] LogOutputStream:75 - [STDERR_REDIRECT] 
2025-05-30 11:40:37,615 [ERROR] LogOutputStream:75 - [STDERR_REDIRECT] [Fatal Error] :1:1: Premature end of file.
2025-05-30 11:40:37,615 [ERROR] LogOutputStream:75 - [STDERR_REDIRECT] 
2025-05-30 11:40:38,580 [ERROR] LogOutputStream:75 - [STDERR_REDIRECT] [Fatal Error] :1:1: Premature end of file.
2025-05-30 11:40:38,581 [ERROR] LogOutputStream:75 - [STDERR_REDIRECT] 
2025-05-30 11:40:39,585 [ERROR] LogOutputStream:75 - [STDERR_REDIRECT] [Fatal Error] :1:1: Premature end of file.
2025-05-30 11:40:39,586 [ERROR] LogOutputStream:75 - [STDERR_REDIRECT] 
2025-05-30 11:40:40,586 [ERROR] LogOutputStream:75 - [STDERR_REDIRECT] [Fatal Error] :1:1: Premature end of file.
2025-05-30 11:40:40,587 [ERROR] LogOutputStream:75 - [STDERR_REDIRECT] 
2025-05-30 11:40:41,587 [ERROR] LogOutputStream:75 - [STDERR_REDIRECT] [Fatal Error] :1:1: Premature end of file.
2025-05-30 11:40:41,588 [ERROR] LogOutputStream:75 - [STDERR_REDIRECT] 
2025-05-30 11:40:42,594 [ERROR] LogOutputStream:75 - [STDERR_REDIRECT] [Fatal Error] :1:1: Premature end of file.
2025-05-30 11:40:42,595 [ERROR] LogOutputStream:75 - [STDERR_REDIRECT] 
2025-05-30 11:40:43,586 [ERROR] LogOutputStream:75 - [STDERR_REDIRECT] [Fatal Error] :1:1: Premature end of file.
2025-05-30 11:40:43,587 [ERROR] LogOutputStream:75 - [STDERR_REDIRECT] 
2025-05-30 11:40:44,583 [ERROR] LogOutputStream:75 - [STDERR_REDIRECT] [Fatal Error] :1:1: Premature end of file.
2025-05-30 11:40:44,584 [ERROR] LogOutputStream:75 - [STDERR_REDIRECT] 
2025-05-30 11:40:45,612 [ERROR] LogOutputStream:75 - [STDERR_REDIRECT] [Fatal Error] :1:1: Premature end of file.
2025-05-30 11:40:45,613 [ERROR] LogOutputStream:75 - [STDERR_REDIRECT] 
2025-05-30 11:40:46,598 [ERROR] LogOutputStream:75 - [STDERR_REDIRECT] [Fatal Error] :1:1: Premature end of file.
2025-05-30 11:40:46,598 [ERROR] LogOutputStream:75 - [STDERR_REDIRECT] 
2025-05-30 11:40:47,591 [ERROR] LogOutputStream:75 - [STDERR_REDIRECT] [Fatal Error] :1:1: Premature end of file.
2025-05-30 11:40:47,604 [ERROR] LogOutputStream:75 - [STDERR_REDIRECT] 
2025-05-30 11:40:48,621 [ERROR] LogOutputStream:75 - [STDERR_REDIRECT] [Fatal Error] :1:1: Premature end of file.
2025-05-30 11:40:48,624 [ERROR] LogOutputStream:75 - [STDERR_REDIRECT] 
2025-05-30 11:40:49,834 [ERROR] LogOutputStream:75 - [STDERR_REDIRECT] [Fatal Error] :1:1: Premature end of file.
2025-05-30 11:40:49,835 [ERROR] LogOutputStream:75 - [STDERR_REDIRECT] 
2025-05-30 11:40:50,651 [ERROR] LogOutputStream:75 - [STDERR_REDIRECT] [Fatal Error] :1:1: Premature end of file.
2025-05-30 11:40:50,652 [ERROR] LogOutputStream:75 - [STDERR_REDIRECT] 
2025-05-30 11:40:51,625 [ERROR] LogOutputStream:75 - [STDERR_REDIRECT] [Fatal Error] :1:1: Premature end of file.
2025-05-30 11:40:51,626 [ERROR] LogOutputStream:75 - [STDERR_REDIRECT] 
2025-05-30 11:40:52,653 [ERROR] LogOutputStream:75 - [STDERR_REDIRECT] [Fatal Error] :1:1: Premature end of file.
2025-05-30 11:40:52,654 [ERROR] LogOutputStream:75 - [STDERR_REDIRECT] 
2025-05-30 11:40:53,343 [ERROR] LogOutputStream:75 - [STDERR_REDIRECT] 
2025-05-30 11:40:53,345 [ERROR] LogOutputStream:75 - [STDERR_REDIRECT] 
2025-05-30 11:42:58,019 [INFO] Activator:176 - 


2025-05-30 11:42:58,021 [INFO] Activator:177 - !SESSION log4j initialized
2025-05-30 11:43:03,760 [INFO] LogOutputStream:77 - [STDOUT_REDIRECT] 
2025-05-30 11:43:04,951 [INFO] ApplicationProperties:184 - Using Application install path: C:\ST\STM32CubeIDE_1.18.0\STM32CubeIDE\plugins\com.st.stm32cube.common.mx_6.14.0.202502271554
2025-05-30 11:43:04,977 [INFO] DbMcusXml:78 - Set database path to: C:\ST\STM32CubeIDE_1.18.0\STM32CubeIDE\plugins\com.st.stm32cube.common.mx_6.14.0.202502271554\\db\/mcu/
2025-05-30 11:43:04,977 [INFO] ApiDb:274 - Set plugin database path to: C:\ST\STM32CubeIDE_1.18.0\STM32CubeIDE\plugins\com.st.stm32cube.common.mx_6.14.0.202502271554\\db\/plugins/boardmanager/
2025-05-30 11:43:04,977 [WARN] ApiDb:259 - Overriding images path with different value:  => C:\ST\STM32CubeIDE_1.18.0\STM32CubeIDE\plugins\com.st.stm32cube.common.mx_6.14.0.202502271554\\db\/plugins/mcufinder/images/
2025-05-30 11:43:04,991 [INFO] ApiDb:250 - Set database path to: C:\Users\markk\.stmcufinder\plugins\mcufinder//mcu/
2025-05-30 11:43:04,993 [INFO] DbMcusAds:125 - Set database path to: C:\Users\markk\.stmcufinder\plugins\mcufinder//mcu/
2025-05-30 11:43:04,993 [INFO] CrossReferenceDbSqlite:203 - Set database path to: C:\Users\markk\.stmcufinder\plugins\mcufinder//mcu/cs/
2025-05-30 11:43:05,135 [INFO] RulesReader:64 - Compatibility file has been processed (301 Rules)
2025-05-30 11:43:05,301 [INFO] DbMcusXml:78 - Set database path to: C:\ST\STM32CubeIDE_1.18.0\STM32CubeIDE\plugins\com.st.stm32cube.common.mx_6.14.0.202502271554\\db\/mcu/
2025-05-30 11:43:05,301 [INFO] ApiDb:274 - Set plugin database path to: C:\ST\STM32CubeIDE_1.18.0\STM32CubeIDE\plugins\com.st.stm32cube.common.mx_6.14.0.202502271554\\db\/plugins/boardmanager/
2025-05-30 11:43:05,301 [INFO] ApiDb:261 - Set plugin images path to: C:\ST\STM32CubeIDE_1.18.0\STM32CubeIDE\plugins\com.st.stm32cube.common.mx_6.14.0.202502271554\\db\/plugins/mcufinder/images/
2025-05-30 11:43:05,301 [WARN] DbFile:41 - Overriding database path with different value: C:\Users\markk\.stmcufinder\plugins\mcufinder/ => C:\Users\markk\.stmcufinder\plugins\mcufinder
2025-05-30 11:43:05,301 [INFO] ApiDb:250 - Set database path to: C:\Users\markk\.stmcufinder\plugins\mcufinder//mcu/
2025-05-30 11:43:05,301 [WARN] DbFile:41 - Overriding database path with different value: C:\Users\markk\.stmcufinder\plugins\mcufinder/ => C:\Users\markk\.stmcufinder\plugins\mcufinder
2025-05-30 11:43:05,301 [INFO] DbMcusAds:125 - Set database path to: C:\Users\markk\.stmcufinder\plugins\mcufinder//mcu/
2025-05-30 11:43:05,301 [WARN] DbFile:41 - Overriding database path with different value: C:\Users\markk\.stmcufinder\plugins\mcufinder/ => C:\Users\markk\.stmcufinder\plugins\mcufinder
2025-05-30 11:43:05,301 [WARN] DbFile:41 - Overriding database path with different value: C:\Users\markk\.stmcufinder\plugins\mcufinder/ => C:\Users\markk\.stmcufinder\plugins\mcufinder
2025-05-30 11:43:05,301 [INFO] CrossReferenceDbSqlite:203 - Set database path to: C:\Users\markk\.stmcufinder\plugins\mcufinder//mcu/cs/
2025-05-30 11:43:05,470 [INFO] MainPanel:272 - HeapMemory: 268435456
2025-05-30 11:43:05,561 [INFO] DbMcusXml:78 - Set database path to: C:\ST\STM32CubeIDE_1.18.0\STM32CubeIDE\plugins\com.st.stm32cube.common.mx_6.14.0.202502271554\\db\/mcu/
2025-05-30 11:43:05,561 [INFO] ApiDb:274 - Set plugin database path to: C:\ST\STM32CubeIDE_1.18.0\STM32CubeIDE\plugins\com.st.stm32cube.common.mx_6.14.0.202502271554\\db\/plugins/boardmanager/
2025-05-30 11:43:05,561 [INFO] ApiDb:261 - Set plugin images path to: C:\ST\STM32CubeIDE_1.18.0\STM32CubeIDE\plugins\com.st.stm32cube.common.mx_6.14.0.202502271554\\db\/plugins/mcufinder/images/
2025-05-30 11:43:05,561 [WARN] DbFile:41 - Overriding database path with different value: C:\Users\markk\.stmcufinder\plugins\mcufinder/ => C:\Users\markk\.stmcufinder\plugins\mcufinder
2025-05-30 11:43:05,561 [INFO] ApiDb:250 - Set database path to: C:\Users\markk\.stmcufinder\plugins\mcufinder//mcu/
2025-05-30 11:43:05,561 [WARN] DbFile:41 - Overriding database path with different value: C:\Users\markk\.stmcufinder\plugins\mcufinder/ => C:\Users\markk\.stmcufinder\plugins\mcufinder
2025-05-30 11:43:05,561 [INFO] DbMcusAds:125 - Set database path to: C:\Users\markk\.stmcufinder\plugins\mcufinder//mcu/
2025-05-30 11:43:05,561 [WARN] DbFile:41 - Overriding database path with different value: C:\Users\markk\.stmcufinder\plugins\mcufinder/ => C:\Users\markk\.stmcufinder\plugins\mcufinder
2025-05-30 11:43:05,561 [WARN] DbFile:41 - Overriding database path with different value: C:\Users\markk\.stmcufinder\plugins\mcufinder/ => C:\Users\markk\.stmcufinder\plugins\mcufinder
2025-05-30 11:43:05,561 [INFO] CrossReferenceDbSqlite:203 - Set database path to: C:\Users\markk\.stmcufinder\plugins\mcufinder//mcu/cs/
2025-05-30 11:43:05,627 [INFO] ApplicationProperties:184 - Using Application install path: C:\ST\STM32CubeIDE_1.18.0\STM32CubeIDE\plugins\com.st.stm32cube.common.mx_6.14.0.202502271554
2025-05-30 11:43:05,627 [INFO] PluginManage:196 - Search for loadable plugins [exclusion list=, ]
2025-05-30 11:43:05,634 [INFO] PluginManage:310 - Check plugin analytics
2025-05-30 11:43:05,954 [INFO] AnalyticsPlugin:253 - Accepted Software Licenses: 
2025-05-30 11:43:05,954 [INFO] AnalyticsPlugin:255 - Accepted CMSIS Pack Licenses: 
2025-05-30 11:43:05,954 [INFO] AnalyticsPlugin:257 - Accepted Firmware Licenses: FW.L4.1.18.0
2025-05-30 11:43:05,962 [INFO] PluginManage:359 - Loaded plugin analytics (category:tool,tabindex:-1)
2025-05-30 11:43:05,962 [INFO] PluginManage:310 - Check plugin cadmodel
2025-05-30 11:43:05,970 [INFO] CADModel:105 - Init CAD model plugin
2025-05-30 11:43:05,970 [INFO] PluginManage:359 - Loaded plugin cadmodel (category:power,tabindex:5)
2025-05-30 11:43:05,970 [INFO] PluginManage:310 - Check plugin clock
2025-05-30 11:43:05,989 [INFO] PluginManage:359 - Loaded plugin clock (category:base,tabindex:2)
2025-05-30 11:43:05,989 [INFO] PluginManage:310 - Check plugin ddr
2025-05-30 11:43:05,995 [INFO] PluginManage:359 - Loaded plugin ddr (category:tool,tabindex:6)
2025-05-30 11:43:05,995 [INFO] PluginManage:310 - Check plugin filemanager
2025-05-30 11:43:06,212 [INFO] PluginManage:359 - Loaded plugin filemanager (category:base,tabindex:10)
2025-05-30 11:43:06,212 [INFO] PluginManage:310 - Check plugin ipmanager
2025-05-30 11:43:06,221 [INFO] PluginManage:359 - Loaded plugin ipmanager (category:base,tabindex:5)
2025-05-30 11:43:06,221 [INFO] PluginManage:310 - Check plugin lpbam
2025-05-30 11:43:06,236 [INFO] PluginManage:359 - Loaded plugin lpbam (category:base,tabindex:0)
2025-05-30 11:43:06,236 [INFO] PluginManage:310 - Check plugin memorymap
2025-05-30 11:43:06,245 [INFO] PluginManage:359 - Loaded plugin memorymap (category:base,tabindex:4)
2025-05-30 11:43:06,245 [INFO] PluginManage:310 - Check plugin pinoutandconfiguration
2025-05-30 11:43:06,254 [INFO] PluginManage:359 - Loaded plugin pinoutandconfiguration (category:base,tabindex:1)
2025-05-30 11:43:06,254 [INFO] PluginManage:310 - Check plugin pinoutconfig
2025-05-30 11:43:06,412 [WARN] SupportedApi:132 - Cannot load RTOS API schema: s4s-elt-must-match.1: The content of 'definitions' must match (annotation?, (simpleType | complexType)?, (unique | key | keyref)*)). A problem was found starting at: attribute.
2025-05-30 11:43:06,580 [INFO] PluginManage:359 - Loaded plugin pinoutconfig (category:base,tabindex:0)
2025-05-30 11:43:06,580 [INFO] PluginManage:310 - Check plugin power
2025-05-30 11:43:06,602 [INFO] PluginManage:359 - Loaded plugin power (category:power,tabindex:4)
2025-05-30 11:43:06,602 [INFO] PluginManage:310 - Check plugin projectmanager
2025-05-30 11:43:06,622 [INFO] PluginManage:359 - Loaded plugin projectmanager (category:projectmanager,tabindex:4)
2025-05-30 11:43:06,647 [INFO] PluginManage:310 - Check plugin rif
2025-05-30 11:43:06,654 [INFO] PluginManage:359 - Loaded plugin rif (category:base,tabindex:3)
2025-05-30 11:43:06,654 [INFO] PluginManage:310 - Check plugin thirdparty
2025-05-30 11:43:06,804 [WARN] IntegrityCheckThread:84 - waiting for thirdparty lock release [integrity check]
2025-05-30 11:43:06,804 [INFO] IntegrityCheckThread:86 - entering critical section [integrity check]
2025-05-30 11:43:06,804 [INFO] PluginManage:359 - Loaded plugin thirdparty (category:base,tabindex:-1)
2025-05-30 11:43:06,804 [INFO] ThirdPartyUpdaterWithRetryManager:70 - Updater plugin not ready yet. [1/15]
2025-05-30 11:43:06,806 [INFO] PluginManage:310 - Check plugin tools
2025-05-30 11:43:06,808 [INFO] PluginManage:359 - Loaded plugin tools (category:base,tabindex:7)
2025-05-30 11:43:06,808 [INFO] PluginManage:310 - Check plugin tutovideos
2025-05-30 11:43:06,997 [INFO] PluginManage:359 - Loaded plugin tutovideos (category:base,tabindex:-1)
2025-05-30 11:43:06,997 [INFO] PluginManage:310 - Check plugin updater
2025-05-30 11:43:07,033 [INFO] PluginManage:359 - Loaded plugin updater (category:base,tabindex:12)
2025-05-30 11:43:07,033 [INFO] PluginManage:310 - Check plugin userauth
2025-05-30 11:43:07,039 [INFO] UserAuth:118 - Init User Auth plugin
2025-05-30 11:43:07,039 [INFO] PluginManage:359 - Loaded plugin userauth (category:base,tabindex:14)
2025-05-30 11:43:07,042 [INFO] PluginManage:283 - PluginManage : Loaded plugins [18]
2025-05-30 11:43:07,281 [INFO] PinOutPanel:1589 - setPackage(No Configuration,No Configuration)
2025-05-30 11:43:07,389 [INFO] CADModel:165 - CPN selected for project level
2025-05-30 11:43:07,389 [INFO] CADModel:114 - Register for checkConnection events
2025-05-30 11:43:07,405 [INFO] IPUIPlugin:80 - create IPUIPlugin
2025-05-30 11:43:07,405 [INFO] PluginManager:220 - loadIPPluginJar : add adc
2025-05-30 11:43:07,414 [INFO] IPUIPlugin:80 - create IPUIPlugin
2025-05-30 11:43:07,414 [INFO] PluginManager:220 - loadIPPluginJar : add aes
2025-05-30 11:43:07,414 [INFO] IPUIPlugin:80 - create IPUIPlugin
2025-05-30 11:43:07,414 [INFO] PluginManager:220 - loadIPPluginJar : add can
2025-05-30 11:43:07,414 [INFO] IPUIPlugin:80 - create IPUIPlugin
2025-05-30 11:43:07,414 [INFO] PluginManager:220 - loadIPPluginJar : add comp
2025-05-30 11:43:07,422 [INFO] IPUIPlugin:80 - create IPUIPlugin
2025-05-30 11:43:07,422 [INFO] PluginManager:220 - loadIPPluginJar : add cryp
2025-05-30 11:43:07,426 [INFO] IPUIPlugin:80 - create IPUIPlugin
2025-05-30 11:43:07,426 [INFO] PluginManager:220 - loadIPPluginJar : add ddr_ctrl_phy
2025-05-30 11:43:07,430 [INFO] IPUIPlugin:80 - create IPUIPlugin
2025-05-30 11:43:07,430 [INFO] PluginManager:220 - loadIPPluginJar : add dfsdm
2025-05-30 11:43:07,438 [INFO] IPUIPlugin:80 - create IPUIPlugin
2025-05-30 11:43:07,438 [INFO] PluginManager:220 - loadIPPluginJar : add dma
2025-05-30 11:43:07,438 [INFO] IPUIPlugin:80 - create IPUIPlugin
2025-05-30 11:43:07,438 [INFO] PluginManager:220 - loadIPPluginJar : add dma3
2025-05-30 11:43:07,447 [INFO] IPUIPlugin:80 - create IPUIPlugin
2025-05-30 11:43:07,447 [INFO] PluginManager:220 - loadIPPluginJar : add extmemmanager
2025-05-30 11:43:07,447 [INFO] IPUIPlugin:80 - create IPUIPlugin
2025-05-30 11:43:07,447 [INFO] PluginManager:220 - loadIPPluginJar : add fatfs
2025-05-30 11:43:07,455 [INFO] IPUIPlugin:80 - create IPUIPlugin
2025-05-30 11:43:07,455 [INFO] PluginManager:220 - loadIPPluginJar : add fmc
2025-05-30 11:43:07,475 [INFO] IPUIPlugin:80 - create IPUIPlugin
2025-05-30 11:43:07,475 [INFO] PluginManager:220 - loadIPPluginJar : add freertos
2025-05-30 11:43:07,475 [INFO] IPUIPlugin:80 - create IPUIPlugin
2025-05-30 11:43:07,479 [INFO] PluginManager:220 - loadIPPluginJar : add genericplugin
2025-05-30 11:43:07,479 [INFO] IPUIPlugin:80 - create IPUIPlugin
2025-05-30 11:43:07,479 [INFO] PluginManager:220 - loadIPPluginJar : add gfxmmu
2025-05-30 11:43:07,487 [INFO] IPUIPlugin:80 - create IPUIPlugin
2025-05-30 11:43:07,487 [INFO] PluginManager:220 - loadIPPluginJar : add gic
2025-05-30 11:43:07,491 [INFO] IPUIPlugin:80 - create IPUIPlugin
2025-05-30 11:43:07,491 [INFO] PluginManager:220 - loadIPPluginJar : add gpio
2025-05-30 11:43:07,495 [INFO] IPUIPlugin:80 - create IPUIPlugin
2025-05-30 11:43:07,495 [INFO] PluginManager:220 - loadIPPluginJar : add gtzc
2025-05-30 11:43:07,495 [INFO] IPUIPlugin:80 - create IPUIPlugin
2025-05-30 11:43:07,495 [INFO] PluginManager:220 - loadIPPluginJar : add hash
2025-05-30 11:43:07,495 [INFO] IPUIPlugin:80 - create IPUIPlugin
2025-05-30 11:43:07,495 [INFO] PluginManager:220 - loadIPPluginJar : add i2c
2025-05-30 11:43:07,505 [INFO] IPUIPlugin:80 - create IPUIPlugin
2025-05-30 11:43:07,505 [INFO] PluginManager:220 - loadIPPluginJar : add i2s
2025-05-30 11:43:07,507 [INFO] IPUIPlugin:80 - create IPUIPlugin
2025-05-30 11:43:07,507 [INFO] PluginManager:220 - loadIPPluginJar : add i3c
2025-05-30 11:43:07,512 [INFO] IPUIPlugin:80 - create IPUIPlugin
2025-05-30 11:43:07,512 [INFO] PluginManager:220 - loadIPPluginJar : add ipddr
2025-05-30 11:43:07,519 [INFO] IPUIPlugin:80 - create IPUIPlugin
2025-05-30 11:43:07,519 [INFO] PluginManager:220 - loadIPPluginJar : add linkedlist
2025-05-30 11:43:07,521 [INFO] IPUIPlugin:80 - create IPUIPlugin
2025-05-30 11:43:07,521 [INFO] PluginManager:220 - loadIPPluginJar : add lorawan
2025-05-30 11:43:07,523 [INFO] IPUIPlugin:80 - create IPUIPlugin
2025-05-30 11:43:07,523 [INFO] PluginManager:220 - loadIPPluginJar : add ltdc
2025-05-30 11:43:07,529 [INFO] IPUIPlugin:80 - create IPUIPlugin
2025-05-30 11:43:07,529 [INFO] PluginManager:220 - loadIPPluginJar : add mdma
2025-05-30 11:43:07,529 [INFO] IPUIPlugin:80 - create IPUIPlugin
2025-05-30 11:43:07,533 [INFO] PluginManager:220 - loadIPPluginJar : add nvic
2025-05-30 11:43:07,535 [INFO] IPUIPlugin:80 - create IPUIPlugin
2025-05-30 11:43:07,535 [INFO] PluginManager:220 - loadIPPluginJar : add opamp
2025-05-30 11:43:07,538 [INFO] IPUIPlugin:80 - create IPUIPlugin
2025-05-30 11:43:07,538 [INFO] PluginManager:220 - loadIPPluginJar : add openamp
2025-05-30 11:43:07,543 [INFO] IPUIPlugin:80 - create IPUIPlugin
2025-05-30 11:43:07,543 [INFO] PluginManager:220 - loadIPPluginJar : add pdm2pcm
2025-05-30 11:43:07,561 [INFO] IPUIPlugin:80 - create IPUIPlugin
2025-05-30 11:43:07,565 [INFO] PluginManager:220 - loadIPPluginJar : add plateformsettings
2025-05-30 11:43:07,569 [INFO] IPUIPlugin:80 - create IPUIPlugin
2025-05-30 11:43:07,569 [INFO] PluginManager:220 - loadIPPluginJar : add quadspi
2025-05-30 11:43:07,575 [INFO] IPUIPlugin:80 - create IPUIPlugin
2025-05-30 11:43:07,576 [INFO] PluginManager:220 - loadIPPluginJar : add radio
2025-05-30 11:43:07,576 [INFO] IPUIPlugin:80 - create IPUIPlugin
2025-05-30 11:43:07,576 [INFO] PluginManager:220 - loadIPPluginJar : add resmgrutility
2025-05-30 11:43:07,584 [INFO] IPUIPlugin:80 - create IPUIPlugin
2025-05-30 11:43:07,584 [INFO] PluginManager:220 - loadIPPluginJar : add sai
2025-05-30 11:43:07,584 [INFO] IPUIPlugin:80 - create IPUIPlugin
2025-05-30 11:43:07,584 [INFO] PluginManager:220 - loadIPPluginJar : add spi
2025-05-30 11:43:07,595 [INFO] IPUIPlugin:80 - create IPUIPlugin
2025-05-30 11:43:07,595 [INFO] PluginManager:220 - loadIPPluginJar : add stm32_wpan
2025-05-30 11:43:07,595 [INFO] IPUIPlugin:80 - create IPUIPlugin
2025-05-30 11:43:07,595 [INFO] PluginManager:220 - loadIPPluginJar : add tim
2025-05-30 11:43:07,600 [INFO] IPUIPlugin:80 - create IPUIPlugin
2025-05-30 11:43:07,600 [INFO] PluginManager:220 - loadIPPluginJar : add touchsensing
2025-05-30 11:43:07,610 [INFO] IPUIPlugin:80 - create IPUIPlugin
2025-05-30 11:43:07,610 [INFO] PluginManager:220 - loadIPPluginJar : add tracer_emb
2025-05-30 11:43:07,617 [INFO] IPUIPlugin:80 - create IPUIPlugin
2025-05-30 11:43:07,618 [INFO] PluginManager:220 - loadIPPluginJar : add ts
2025-05-30 11:43:07,622 [INFO] IPUIPlugin:80 - create IPUIPlugin
2025-05-30 11:43:07,623 [INFO] PluginManager:220 - loadIPPluginJar : add tsc
2025-05-30 11:43:07,628 [INFO] IPUIPlugin:80 - create IPUIPlugin
2025-05-30 11:43:07,629 [INFO] PluginManager:220 - loadIPPluginJar : add ucpd
2025-05-30 11:43:07,635 [INFO] IPUIPlugin:80 - create IPUIPlugin
2025-05-30 11:43:07,635 [INFO] PluginManager:220 - loadIPPluginJar : add usart
2025-05-30 11:43:07,640 [INFO] IPUIPlugin:80 - create IPUIPlugin
2025-05-30 11:43:07,640 [INFO] PluginManager:220 - loadIPPluginJar : add usbx
2025-05-30 11:43:07,777 [FATAL] Updater:351 - Updater called before beeing initialized
2025-05-30 11:43:07,824 [INFO] RulesReader:64 - Compatibility file has been processed (301 Rules)
2025-05-30 11:43:07,839 [INFO] RulesReader:64 - Compatibility file has been processed (301 Rules)
2025-05-30 11:43:07,859 [INFO] CADModel:165 - CPN selected for project level
2025-05-30 11:43:07,859 [INFO] CADModel:114 - Register for checkConnection events
2025-05-30 11:43:07,859 [FATAL] Updater:351 - Updater called before beeing initialized
2025-05-30 11:43:07,859 [ERROR] CADModel:125 - Updater not yet initialized, retry later 
2025-05-30 11:43:08,042 [FATAL] Updater:351 - Updater called before beeing initialized
2025-05-30 11:43:08,043 [INFO] CADModel:165 - CPN selected for project level
2025-05-30 11:43:08,043 [INFO] CADModel:114 - Register for checkConnection events
2025-05-30 11:43:08,043 [FATAL] Updater:351 - Updater called before beeing initialized
2025-05-30 11:43:08,043 [ERROR] CADModel:125 - Updater not yet initialized, retry later 
2025-05-30 11:43:08,046 [FATAL] Updater:351 - Updater called before beeing initialized
2025-05-30 11:43:08,158 [FATAL] Updater:351 - Updater called before beeing initialized
2025-05-30 11:43:08,158 [INFO] DbMcusAds:53 - JSON generation date=Wed May 07 19:07:55 AEST 2025 (1746608875638)
2025-05-30 11:43:08,158 [FATAL] Updater:351 - Updater called before beeing initialized
2025-05-30 11:43:08,196 [WARN] DetailPanel:346 - Failed to get advertising image, set to default
2025-05-30 11:43:08,447 [FATAL] Updater:351 - Updater called before beeing initialized
2025-05-30 11:43:08,447 [FATAL] Updater:351 - Updater called before beeing initialized
2025-05-30 11:43:08,447 [FATAL] Updater:351 - Updater called before beeing initialized
2025-05-30 11:43:08,447 [WARN] DetailPanel:346 - Failed to get advertising image, set to default
2025-05-30 11:43:08,447 [FATAL] Updater:351 - Updater called before beeing initialized
2025-05-30 11:43:08,543 [ERROR] Updater:1198 - MainUpdater not yet initialized. External WinMGr cannot be set.
2025-05-30 11:43:08,543 [INFO] Updater:1134 - Updater Version found : 6.14.0
2025-05-30 11:43:08,559 [INFO] ApplicationProperties:184 - Using Application install path: C:\ST\STM32CubeIDE_1.18.0\STM32CubeIDE\plugins\com.st.stm32cube.common.mx_6.14.0.202502271554
2025-05-30 11:43:09,817 [INFO] ThirdPartyUpdaterWithRetryManager:70 - Updater plugin not ready yet. [2/15]
2025-05-30 11:43:10,188 [ERROR] LogOutputStream:75 - [STDERR_REDIRECT] May 30, 2025 11:43:10 AM java.util.prefs.WindowsPreferences <init>
2025-05-30 11:43:10,190 [ERROR] LogOutputStream:75 - [STDERR_REDIRECT] WARNING: Could not open/create prefs root node Software\JavaSoft\Prefs at root 0xffffffff80000002. Windows RegCreateKeyEx(...) returned error code 5.
2025-05-30 11:43:10,192 [ERROR] LogOutputStream:75 - [STDERR_REDIRECT] 
2025-05-30 11:43:10,574 [INFO] MainUpdater:2872 - connection check result : 10
2025-05-30 11:43:10,574 [INFO] MainUpdater:289 - Updater Check For Update Now.
2025-05-30 11:43:10,574 [INFO] MicroXplorer:498 - Change Database Version : DB.6.0.140
2025-05-30 11:43:10,582 [INFO] McuFinderGlobals:63 - Set McuFinder mode to 2 (CubeIDE integrated)
2025-05-30 11:43:10,582 [INFO] UserAuth:486 - Internet connection configuration mode: 1
2025-05-30 11:43:10,613 [INFO] JxBrowserEngine:152 - Initiate JxBrowser Engine with user profile folder
2025-05-30 11:43:10,788 [INFO] CheckServerUpdateThread:120 - End of CheckServer Thread
2025-05-30 11:43:11,571 [INFO] WebApp:169 - Instantiating new browser for Auth
2025-05-30 11:43:12,472 [INFO] WebApp:463 - Apply proxy settings
2025-05-30 11:43:12,472 [INFO] WebApp:548 - Chromium requires no authentication
2025-05-30 11:43:12,479 [INFO] WebApp:491 - Direct internet connection detected
2025-05-30 11:43:12,512 [INFO] WebApp:894 - Register for checkConnection events
2025-05-30 11:43:12,512 [INFO] WebApp:463 - Apply proxy settings
2025-05-30 11:43:12,512 [INFO] WebApp:548 - Chromium requires no authentication
2025-05-30 11:43:12,512 [INFO] WebApp:491 - Direct internet connection detected
2025-05-30 11:43:12,677 [INFO] WebApp:225 - Starting web application
2025-05-30 11:43:12,677 [INFO] WebApp:593 - Web application path used C:\ST\STM32CubeIDE_1.18.0\STM32CubeIDE\plugins\com.st.stm32cube.common.mx_6.14.0.202502271554\db\plugins\mcufinder\reactClient1\index.html
2025-05-30 11:43:12,781 [INFO] UserAuth:486 - Internet connection configuration mode: 1
2025-05-30 11:43:12,927 [ERROR] LogOutputStream:75 - [STDERR_REDIRECT] [Fatal Error] :1:1: Premature end of file.
2025-05-30 11:43:12,928 [ERROR] LogOutputStream:75 - [STDERR_REDIRECT] 
2025-05-30 11:43:13,054 [INFO] WebApp:191 - Connection restablished
2025-05-30 11:43:13,168 [WARN] PackLoader:240 - Cannot read IP mode file for STMicroelectronics.FP-SNS-MOTENVWB1.1.4.0
2025-05-30 11:43:13,188 [WARN] PackLoader:240 - Cannot read IP mode file for STMicroelectronics.FP-ATR-ASTRA1.2.0.2
2025-05-30 11:43:13,209 [WARN] PackLoader:240 - Cannot read IP mode file for STMicroelectronics.X-CUBE-SMBUS.2.1.0
2025-05-30 11:43:13,224 [WARN] PackLoader:240 - Cannot read IP mode file for STMicroelectronics.X-CUBE-WB05N.1.1.0
2025-05-30 11:43:13,238 [WARN] PackLoader:240 - Cannot read IP mode file for STMicroelectronics.X-CUBE-ST60.1.0.0
2025-05-30 11:43:13,302 [WARN] PackLoader:240 - Cannot read IP mode file for STMicroelectronics.X-CUBE-AZRTOS-F7.1.1.0
2025-05-30 11:43:13,316 [WARN] PackLoader:240 - Cannot read IP mode file for STMicroelectronics.FP-SNS-FLIGHT1.5.0.2
2025-05-30 11:43:13,344 [WARN] PackLoader:240 - Cannot read IP mode file for Infineon.AIROC-Wi-Fi-Bluetooth-STM32.1.7.0
2025-05-30 11:43:13,367 [WARN] PackLoader:240 - Cannot read IP mode file for STMicroelectronics.X-CUBE-DISPLAY.3.0.0
2025-05-30 11:43:13,384 [WARN] PackLoader:240 - Cannot read IP mode file for STMicroelectronics.X-CUBE-BLE1.7.0.0
2025-05-30 11:43:13,393 [WARN] PackLoader:240 - Cannot read IP mode file for STMicroelectronics.X-CUBE-NFC10.1.0.0
2025-05-30 11:43:13,431 [WARN] PackLoader:240 - Cannot read IP mode file for STMicroelectronics.X-CUBE-BLEMGR.4.0.0
2025-05-30 11:43:13,443 [WARN] PackLoader:240 - Cannot read IP mode file for emotas.I-CUBE-CANOPEN.1.3.0
2025-05-30 11:43:13,449 [WARN] PackLoader:240 - Cannot read IP mode file for STMicroelectronics.X-CUBE-AI.10.0.0
2025-05-30 11:43:13,455 [WARN] PackLoader:240 - Cannot read IP mode file for STMicroelectronics.FP-SNS-SMARTAG2.1.2.0
2025-05-30 11:43:13,461 [WARN] PackLoader:240 - Cannot read IP mode file for STMicroelectronics.FP-SNS-FLIGHT1.5.1.0
2025-05-30 11:43:13,524 [WARN] PackLoader:240 - Cannot read IP mode file for STMicroelectronics.X-CUBE-MEMS1.11.1.0
2025-05-30 11:43:13,684 [INFO] LogOutputStream:77 - [STDOUT_REDIRECT] 1 : Invalid condition id : UX_CORESTACK_Condition cause : null
2025-05-30 11:43:13,685 [INFO] LogOutputStream:77 - [STDOUT_REDIRECT] 1 : Invalid condition id : UX_CORESTACK_Condition cause : null
2025-05-30 11:43:13,686 [INFO] LogOutputStream:77 - [STDOUT_REDIRECT] 1 : Invalid condition id : UX_CORESTACK_Condition cause : null
2025-05-30 11:43:13,690 [INFO] LogOutputStream:77 - [STDOUT_REDIRECT] 1 : Invalid condition id : UX_CORESTACK_Condition cause : null
2025-05-30 11:43:13,692 [INFO] LogOutputStream:77 - [STDOUT_REDIRECT] 1 : Invalid condition id : UX_CORESTACK_Condition cause : null
2025-05-30 11:43:13,695 [WARN] PackLoader:240 - Cannot read IP mode file for STMicroelectronics.X-CUBE-AZRTOS-WL.2.0.0
2025-05-30 11:43:13,700 [WARN] PackLoader:240 - Cannot read IP mode file for STMicroelectronics.FP-SNS-MOTENV1.5.0.0
2025-05-30 11:43:13,714 [WARN] PackLoader:240 - Cannot read IP mode file for WES.I-CUBE-Cesium.1.3.0
2025-05-30 11:43:13,718 [WARN] PackLoader:240 - Cannot read IP mode file for STMicroelectronics.X-CUBE-BLE2.3.3.0
2025-05-30 11:43:13,725 [WARN] PackLoader:240 - Cannot read IP mode file for STMicroelectronics.X-CUBE-NFC9.1.0.0
2025-05-30 11:43:13,730 [WARN] PackLoader:240 - Cannot read IP mode file for STMicroelectronics.X-CUBE-BLE1.7.1.0
2025-05-30 11:43:13,734 [WARN] PackLoader:240 - Cannot read IP mode file for wolfSSL.I-CUBE-wolfMQTT.1.19.2
2025-05-30 11:43:13,787 [WARN] PackLoader:240 - Cannot read IP mode file for STMicroelectronics.X-CUBE-MEMS1.11.2.0
2025-05-30 11:43:13,917 [ERROR] LogOutputStream:75 - [STDERR_REDIRECT] [Fatal Error] :1:1: Premature end of file.
2025-05-30 11:43:13,917 [ERROR] LogOutputStream:75 - [STDERR_REDIRECT] 
2025-05-30 11:43:14,038 [WARN] PackLoader:240 - Cannot read IP mode file for STMicroelectronics.X-CUBE-AZRTOS-G0.1.1.0
2025-05-30 11:43:14,045 [WARN] PackLoader:240 - Cannot read IP mode file for STMicroelectronics.X-CUBE-SAFEA1.1.2.2
2025-05-30 11:43:14,050 [WARN] PackLoader:240 - Cannot read IP mode file for STMicroelectronics.X-CUBE-NFC4.3.0.0
2025-05-30 11:43:14,058 [WARN] PackLoader:240 - Cannot read IP mode file for EmbeddedOffice.I-CUBE-FS-RTOS.1.0.1
2025-05-30 11:43:14,063 [WARN] PackLoader:240 - Cannot read IP mode file for STMicroelectronics.X-CUBE-WB05N.2.0.0
2025-05-30 11:43:14,067 [WARN] PackLoader:240 - Cannot read IP mode file for wolfSSL.I-CUBE-wolfTPM.3.8.0
2025-05-30 11:43:14,073 [WARN] PackLoader:240 - Cannot read IP mode file for STMicroelectronics.X-CUBE-TCPP.4.2.0
2025-05-30 11:43:14,078 [WARN] PackLoader:240 - Cannot read IP mode file for RealThread.X-CUBE-RT-Thread_Nano.4.1.1
2025-05-30 11:43:14,082 [WARN] PackLoader:240 - Cannot read IP mode file for STMicroelectronics.FP-ATR-SIGFOX1.3.2.0
2025-05-30 11:43:14,086 [WARN] ConditionMgr:438 - getConditionDescription Invalid condition id : Cortex-A Device cause : null
2025-05-30 11:43:14,104 [WARN] ConditionMgr:1044 - genDependencies : Invalid condition id : Cortex-A Device cause : null
2025-05-30 11:43:14,104 [WARN] ConditionMgr:1044 - genDependencies : Invalid condition id : Cortex-A Device cause : null
2025-05-30 11:43:14,104 [WARN] ConditionMgr:1044 - genDependencies : Invalid condition id : Cortex-A Device cause : null
2025-05-30 11:43:14,111 [WARN] PackLoader:240 - Cannot read IP mode file for STMicroelectronics.X-CUBE-EEPRMA1.5.1.0
2025-05-30 11:43:14,118 [WARN] PackLoader:240 - Cannot read IP mode file for wolfSSL.I-CUBE-wolfSSL.5.7.6
2025-05-30 11:43:14,124 [WARN] PackLoader:240 - Cannot read IP mode file for ITTIA_DB.I-CUBE-ITTIADB.8.9.0
2025-05-30 11:43:14,153 [WARN] PackLoader:240 - Cannot read IP mode file for SEGGER.I-CUBE-embOS.1.3.1
2025-05-30 11:43:14,183 [WARN] PackLoader:240 - Cannot read IP mode file for STMicroelectronics.X-CUBE-ALGOBUILD.1.4.0
2025-05-30 11:43:14,195 [WARN] PackLoader:240 - Cannot read IP mode file for STMicroelectronics.X-CUBE-AZRTOS-F4.1.1.0
2025-05-30 11:43:14,200 [WARN] PackLoader:240 - Cannot read IP mode file for Avnet-IotConnect.X-CUBE-IoTC-DA16k-PMOD.1.0.0
2025-05-30 11:43:14,203 [WARN] PackLoader:240 - Cannot read IP mode file for STMicroelectronics.X-CUBE-ISPU.2.1.0
2025-05-30 11:43:14,216 [WARN] PackLoader:240 - Cannot read IP mode file for STMicroelectronics.X-CUBE-AZRTOS-L5.2.0.0
2025-05-30 11:43:14,223 [WARN] PackLoader:240 - Cannot read IP mode file for STMicroelectronics.X-CUBE-NFC6.3.1.0
2025-05-30 11:43:14,229 [WARN] PackLoader:240 - Cannot read IP mode file for STMicroelectronics.X-CUBE-DPower.1.2.0
2025-05-30 11:43:14,235 [WARN] PackLoader:240 - Cannot read IP mode file for STMicroelectronics.X-CUBE-FREERTOS.1.3.1
2025-05-30 11:43:14,238 [WARN] PackLoader:240 - Cannot read IP mode file for STMicroelectronics.X-CUBE-FREERTOS.1.3.0
2025-05-30 11:43:14,243 [WARN] PackLoader:240 - Cannot read IP mode file for STMicroelectronics.X-CUBE-NFC7.1.0.1
2025-05-30 11:43:14,248 [WARN] PackLoader:240 - Cannot read IP mode file for STMicroelectronics.X-CUBE-DPower.1.3.0
2025-05-30 11:43:14,265 [WARN] ConditionMgr:438 - getConditionDescription Invalid condition id : LAN8742 Phy interface Condition cause : null
2025-05-30 11:43:14,266 [WARN] PackLoader:240 - Cannot read IP mode file for STMicroelectronics.X-CUBE-AZRTOS-L4.2.0.0
2025-05-30 11:43:14,267 [WARN] ConditionMgr:1044 - genDependencies : Invalid condition id : LAN8742 Phy interface Condition cause : null
2025-05-30 11:43:14,267 [WARN] ConditionMgr:1044 - genDependencies : Invalid condition id : LAN8742 Phy interface Condition cause : null
2025-05-30 11:43:14,267 [WARN] ConditionMgr:1044 - genDependencies : Invalid condition id : LAN8742 Phy interface Condition cause : null
2025-05-30 11:43:14,276 [WARN] PackLoader:240 - Cannot read IP mode file for STMicroelectronics.X-CUBE-SFXS2LP1.4.0.0
2025-05-30 11:43:14,292 [WARN] PackLoader:240 - Cannot read IP mode file for STMicroelectronics.X-CUBE-AZRTOS-H7.3.3.0
2025-05-30 11:43:14,302 [WARN] ConditionMgr:438 - getConditionDescription Invalid condition id : UX DEVICE CLASS RTOS Condition cause : null
2025-05-30 11:43:14,302 [WARN] ConditionMgr:438 - getConditionDescription Invalid condition id : UX DEVICE CLASS RTOS Condition cause : null
2025-05-30 11:43:14,304 [WARN] PackLoader:240 - Cannot read IP mode file for STMicroelectronics.X-CUBE-AZRTOS-WB.2.0.0
2025-05-30 11:43:14,306 [WARN] ConditionMgr:1044 - genDependencies : Invalid condition id : UX DEVICE CLASS RTOS Condition cause : null
2025-05-30 11:43:14,306 [WARN] ConditionMgr:1044 - genDependencies : Invalid condition id : UX DEVICE CLASS RTOS Condition cause : null
2025-05-30 11:43:14,307 [WARN] ConditionMgr:1044 - genDependencies : Invalid condition id : UX DEVICE CLASS RTOS Condition cause : null
2025-05-30 11:43:14,307 [WARN] ConditionMgr:1044 - genDependencies : Invalid condition id : UX DEVICE CLASS RTOS Condition cause : null
2025-05-30 11:43:14,308 [WARN] ConditionMgr:1044 - genDependencies : Invalid condition id : UX DEVICE CLASS RTOS Condition cause : null
2025-05-30 11:43:14,354 [WARN] PackLoader:240 - Cannot read IP mode file for STMicroelectronics.X-CUBE-GNSS1.7.0.1
2025-05-30 11:43:14,360 [WARN] PackLoader:240 - Cannot read IP mode file for STMicroelectronics.X-CUBE-TOUCHGFX.4.25.0
2025-05-30 11:43:14,367 [WARN] PackLoader:240 - Cannot read IP mode file for STMicroelectronics.FP-SNS-STBOX1.2.0.0
2025-05-30 11:43:14,382 [WARN] PackLoader:240 - Cannot read IP mode file for STMicroelectronics.X-CUBE-SUBG2.5.0.0
2025-05-30 11:43:14,415 [WARN] PackLoader:240 - Cannot read IP mode file for STMicroelectronics.X-CUBE-AZRTOS-H7RS.1.1.0
2025-05-30 11:43:14,424 [WARN] PackLoader:240 - Cannot read IP mode file for Cesanta.I-CUBE-Mongoose.7.13.0
2025-05-30 11:43:14,439 [WARN] PackLoader:240 - Cannot read IP mode file for STMicroelectronics.X-CUBE-AZRTOS-G4.2.0.0
2025-05-30 11:43:14,446 [WARN] PackLoader:240 - Cannot read IP mode file for wolfSSL.I-CUBE-wolfSSH.1.4.20
2025-05-30 11:43:14,452 [WARN] PackLoader:240 - Cannot read IP mode file for STMicroelectronics.X-CUBE-NFC7.2.0.0
2025-05-30 11:43:14,473 [WARN] PackLoader:240 - Cannot read IP mode file for STMicroelectronics.X-CUBE-IPS.3.1.0
2025-05-30 11:43:14,484 [WARN] PackLoader:240 - Cannot read IP mode file for STMicroelectronics.X-CUBE-ALS.1.0.2
2025-05-30 11:43:14,488 [WARN] PackLoader:240 - Cannot read IP mode file for STMicroelectronics.X-CUBE-TOUCHGFX.4.24.2
2025-05-30 11:43:14,496 [WARN] PackLoader:240 - Cannot read IP mode file for portGmbH.I-Cube-SoM-uGOAL.1.1.0
2025-05-30 11:43:14,509 [WARN] PackLoader:240 - Cannot read IP mode file for STMicroelectronics.X-CUBE-AZRTOS-H7RS.1.0.0
2025-05-30 11:43:14,526 [WARN] PackLoader:240 - Cannot read IP mode file for STMicroelectronics.X-CUBE-TOF1.3.4.2
2025-05-30 11:43:14,541 [WARN] PackLoader:240 - Cannot read IP mode file for STMicroelectronics.X-CUBE-TOF1.3.4.3
2025-05-30 11:43:14,549 [INFO] ThirdParty:978 - Integrity check success = true
2025-05-30 11:43:14,549 [INFO] IntegrityCheckThread:100 - exiting critical section [integrity check]
2025-05-30 11:43:14,549 [INFO] IntegrityCheckThread:103 - End integrity checks thread
2025-05-30 11:43:14,866 [ERROR] LogOutputStream:75 - [STDERR_REDIRECT] [Fatal Error] :1:1: Premature end of file.
2025-05-30 11:43:14,866 [ERROR] LogOutputStream:75 - [STDERR_REDIRECT] 
2025-05-30 11:43:15,862 [ERROR] LogOutputStream:75 - [STDERR_REDIRECT] [Fatal Error] :1:1: Premature end of file.
2025-05-30 11:43:15,863 [ERROR] LogOutputStream:75 - [STDERR_REDIRECT] 
2025-05-30 11:43:16,871 [ERROR] LogOutputStream:75 - [STDERR_REDIRECT] [Fatal Error] :1:1: Premature end of file.
2025-05-30 11:43:16,873 [ERROR] LogOutputStream:75 - [STDERR_REDIRECT] 
2025-05-30 11:43:17,872 [ERROR] LogOutputStream:75 - [STDERR_REDIRECT] [Fatal Error] :1:1: Premature end of file.
2025-05-30 11:43:17,873 [ERROR] LogOutputStream:75 - [STDERR_REDIRECT] 
2025-05-30 11:43:18,891 [ERROR] LogOutputStream:75 - [STDERR_REDIRECT] [Fatal Error] :1:1: Premature end of file.
2025-05-30 11:43:18,892 [ERROR] LogOutputStream:75 - [STDERR_REDIRECT] 
2025-05-30 11:43:19,880 [ERROR] LogOutputStream:75 - [STDERR_REDIRECT] [Fatal Error] :1:1: Premature end of file.
2025-05-30 11:43:19,880 [ERROR] LogOutputStream:75 - [STDERR_REDIRECT] 
2025-05-30 11:43:20,872 [ERROR] LogOutputStream:75 - [STDERR_REDIRECT] [Fatal Error] :1:1: Premature end of file.
2025-05-30 11:43:20,872 [ERROR] LogOutputStream:75 - [STDERR_REDIRECT] 
2025-05-30 11:43:21,874 [ERROR] LogOutputStream:75 - [STDERR_REDIRECT] [Fatal Error] :1:1: Premature end of file.
2025-05-30 11:43:21,874 [ERROR] LogOutputStream:75 - [STDERR_REDIRECT] 
2025-05-30 11:43:22,889 [ERROR] LogOutputStream:75 - [STDERR_REDIRECT] [Fatal Error] :1:1: Premature end of file.
2025-05-30 11:43:22,889 [ERROR] LogOutputStream:75 - [STDERR_REDIRECT] 
2025-05-30 11:43:23,867 [ERROR] LogOutputStream:75 - [STDERR_REDIRECT] [Fatal Error] :1:1: Premature end of file.
2025-05-30 11:43:23,867 [ERROR] LogOutputStream:75 - [STDERR_REDIRECT] 
2025-05-30 11:43:24,864 [ERROR] LogOutputStream:75 - [STDERR_REDIRECT] [Fatal Error] :1:1: Premature end of file.
2025-05-30 11:43:24,865 [ERROR] LogOutputStream:75 - [STDERR_REDIRECT] 
2025-05-30 11:43:25,867 [ERROR] LogOutputStream:75 - [STDERR_REDIRECT] [Fatal Error] :1:1: Premature end of file.
2025-05-30 11:43:25,868 [ERROR] LogOutputStream:75 - [STDERR_REDIRECT] 
2025-05-30 11:43:26,863 [ERROR] LogOutputStream:75 - [STDERR_REDIRECT] [Fatal Error] :1:1: Premature end of file.
2025-05-30 11:43:26,863 [ERROR] LogOutputStream:75 - [STDERR_REDIRECT] 
2025-05-30 11:43:27,883 [ERROR] LogOutputStream:75 - [STDERR_REDIRECT] [Fatal Error] :1:1: Premature end of file.
2025-05-30 11:43:27,883 [ERROR] LogOutputStream:75 - [STDERR_REDIRECT] 
2025-05-30 11:43:28,884 [ERROR] LogOutputStream:75 - [STDERR_REDIRECT] [Fatal Error] :1:1: Premature end of file.
2025-05-30 11:43:28,884 [ERROR] LogOutputStream:75 - [STDERR_REDIRECT] 
2025-05-30 11:43:29,865 [ERROR] LogOutputStream:75 - [STDERR_REDIRECT] [Fatal Error] :1:1: Premature end of file.
2025-05-30 11:43:29,866 [ERROR] LogOutputStream:75 - [STDERR_REDIRECT] 
2025-05-30 11:43:30,860 [ERROR] LogOutputStream:75 - [STDERR_REDIRECT] [Fatal Error] :1:1: Premature end of file.
2025-05-30 11:43:30,861 [ERROR] LogOutputStream:75 - [STDERR_REDIRECT] 
2025-05-30 11:43:31,862 [ERROR] LogOutputStream:75 - [STDERR_REDIRECT] [Fatal Error] :1:1: Premature end of file.
2025-05-30 11:43:31,863 [ERROR] LogOutputStream:75 - [STDERR_REDIRECT] 
2025-05-30 11:43:32,865 [ERROR] LogOutputStream:75 - [STDERR_REDIRECT] [Fatal Error] :1:1: Premature end of file.
2025-05-30 11:43:32,865 [ERROR] LogOutputStream:75 - [STDERR_REDIRECT] 
2025-05-30 11:43:33,860 [ERROR] LogOutputStream:75 - [STDERR_REDIRECT] [Fatal Error] :1:1: Premature end of file.
2025-05-30 11:43:33,860 [ERROR] LogOutputStream:75 - [STDERR_REDIRECT] 
2025-05-30 11:43:34,870 [ERROR] LogOutputStream:75 - [STDERR_REDIRECT] [Fatal Error] :1:1: Premature end of file.
2025-05-30 11:43:34,872 [ERROR] LogOutputStream:75 - [STDERR_REDIRECT] 
2025-05-30 11:43:35,862 [ERROR] LogOutputStream:75 - [STDERR_REDIRECT] [Fatal Error] :1:1: Premature end of file.
2025-05-30 11:43:35,862 [ERROR] LogOutputStream:75 - [STDERR_REDIRECT] 
2025-05-30 11:43:36,859 [ERROR] LogOutputStream:75 - [STDERR_REDIRECT] [Fatal Error] :1:1: Premature end of file.
2025-05-30 11:43:36,860 [ERROR] LogOutputStream:75 - [STDERR_REDIRECT] 
2025-05-30 11:43:37,868 [ERROR] LogOutputStream:75 - [STDERR_REDIRECT] [Fatal Error] :1:1: Premature end of file.
2025-05-30 11:43:37,868 [ERROR] LogOutputStream:75 - [STDERR_REDIRECT] 
2025-05-30 11:43:38,872 [ERROR] LogOutputStream:75 - [STDERR_REDIRECT] [Fatal Error] :1:1: Premature end of file.
2025-05-30 11:43:38,873 [ERROR] LogOutputStream:75 - [STDERR_REDIRECT] 
2025-05-30 11:43:39,871 [ERROR] LogOutputStream:75 - [STDERR_REDIRECT] [Fatal Error] :1:1: Premature end of file.
2025-05-30 11:43:39,875 [ERROR] LogOutputStream:75 - [STDERR_REDIRECT] 
2025-05-30 11:43:40,852 [ERROR] LogOutputStream:75 - [STDERR_REDIRECT] [Fatal Error] :1:1: Premature end of file.
2025-05-30 11:43:40,853 [ERROR] LogOutputStream:75 - [STDERR_REDIRECT] 
2025-05-30 11:43:41,856 [ERROR] LogOutputStream:75 - [STDERR_REDIRECT] [Fatal Error] :1:1: Premature end of file.
2025-05-30 11:43:41,856 [ERROR] LogOutputStream:75 - [STDERR_REDIRECT] 
2025-05-30 11:43:42,868 [ERROR] LogOutputStream:75 - [STDERR_REDIRECT] [Fatal Error] :1:1: Premature end of file.
2025-05-30 11:43:42,868 [ERROR] LogOutputStream:75 - [STDERR_REDIRECT] 
2025-05-30 11:43:43,877 [ERROR] LogOutputStream:75 - [STDERR_REDIRECT] [Fatal Error] :1:1: Premature end of file.
2025-05-30 11:43:43,877 [ERROR] LogOutputStream:75 - [STDERR_REDIRECT] 
2025-05-30 11:43:44,862 [ERROR] LogOutputStream:75 - [STDERR_REDIRECT] [Fatal Error] :1:1: Premature end of file.
2025-05-30 11:43:44,863 [ERROR] LogOutputStream:75 - [STDERR_REDIRECT] 
2025-05-30 11:43:45,862 [ERROR] LogOutputStream:75 - [STDERR_REDIRECT] [Fatal Error] :1:1: Premature end of file.
2025-05-30 11:43:45,862 [ERROR] LogOutputStream:75 - [STDERR_REDIRECT] 
2025-05-30 11:43:46,852 [ERROR] LogOutputStream:75 - [STDERR_REDIRECT] [Fatal Error] :1:1: Premature end of file.
2025-05-30 11:43:46,852 [ERROR] LogOutputStream:75 - [STDERR_REDIRECT] 
2025-05-30 11:43:47,872 [ERROR] LogOutputStream:75 - [STDERR_REDIRECT] [Fatal Error] :1:1: Premature end of file.
2025-05-30 11:43:47,872 [ERROR] LogOutputStream:75 - [STDERR_REDIRECT] 
2025-05-30 11:43:48,891 [ERROR] LogOutputStream:75 - [STDERR_REDIRECT] [Fatal Error] :1:1: Premature end of file.
2025-05-30 11:43:48,910 [ERROR] LogOutputStream:75 - [STDERR_REDIRECT] 
2025-05-30 11:43:49,860 [ERROR] LogOutputStream:75 - [STDERR_REDIRECT] [Fatal Error] :1:1: Premature end of file.
2025-05-30 11:43:49,860 [ERROR] LogOutputStream:75 - [STDERR_REDIRECT] 
2025-05-30 11:43:50,861 [ERROR] LogOutputStream:75 - [STDERR_REDIRECT] [Fatal Error] :1:1: Premature end of file.
2025-05-30 11:43:50,862 [ERROR] LogOutputStream:75 - [STDERR_REDIRECT] 
2025-05-30 11:43:51,867 [ERROR] LogOutputStream:75 - [STDERR_REDIRECT] [Fatal Error] :1:1: Premature end of file.
2025-05-30 11:43:51,868 [ERROR] LogOutputStream:75 - [STDERR_REDIRECT] 
2025-05-30 11:43:52,859 [ERROR] LogOutputStream:75 - [STDERR_REDIRECT] [Fatal Error] :1:1: Premature end of file.
2025-05-30 11:43:52,861 [ERROR] LogOutputStream:75 - [STDERR_REDIRECT] 
2025-05-30 11:43:53,864 [ERROR] LogOutputStream:75 - [STDERR_REDIRECT] [Fatal Error] :1:1: Premature end of file.
2025-05-30 11:43:53,864 [ERROR] LogOutputStream:75 - [STDERR_REDIRECT] 
2025-05-30 11:43:54,875 [ERROR] LogOutputStream:75 - [STDERR_REDIRECT] [Fatal Error] :1:1: Premature end of file.
2025-05-30 11:43:54,875 [ERROR] LogOutputStream:75 - [STDERR_REDIRECT] 
2025-05-30 11:43:55,855 [ERROR] LogOutputStream:75 - [STDERR_REDIRECT] [Fatal Error] :1:1: Premature end of file.
2025-05-30 11:43:55,856 [ERROR] LogOutputStream:75 - [STDERR_REDIRECT] 
2025-05-30 11:43:56,853 [ERROR] LogOutputStream:75 - [STDERR_REDIRECT] [Fatal Error] :1:1: Premature end of file.
2025-05-30 11:43:56,853 [ERROR] LogOutputStream:75 - [STDERR_REDIRECT] 
2025-05-30 11:43:57,854 [ERROR] LogOutputStream:75 - [STDERR_REDIRECT] [Fatal Error] :1:1: Premature end of file.
2025-05-30 11:43:57,854 [ERROR] LogOutputStream:75 - [STDERR_REDIRECT] 
2025-05-30 11:43:58,872 [ERROR] LogOutputStream:75 - [STDERR_REDIRECT] [Fatal Error] :1:1: Premature end of file.
2025-05-30 11:43:58,873 [ERROR] LogOutputStream:75 - [STDERR_REDIRECT] 
2025-05-30 11:43:59,859 [ERROR] LogOutputStream:75 - [STDERR_REDIRECT] [Fatal Error] :1:1: Premature end of file.
2025-05-30 11:43:59,863 [ERROR] LogOutputStream:75 - [STDERR_REDIRECT] 
2025-05-30 11:44:00,860 [ERROR] LogOutputStream:75 - [STDERR_REDIRECT] [Fatal Error] :1:1: Premature end of file.
2025-05-30 11:44:00,860 [ERROR] LogOutputStream:75 - [STDERR_REDIRECT] 
2025-05-30 11:44:01,857 [ERROR] LogOutputStream:75 - [STDERR_REDIRECT] [Fatal Error] :1:1: Premature end of file.
2025-05-30 11:44:01,857 [ERROR] LogOutputStream:75 - [STDERR_REDIRECT] 
2025-05-30 11:44:02,879 [ERROR] LogOutputStream:75 - [STDERR_REDIRECT] [Fatal Error] :1:1: Premature end of file.
2025-05-30 11:44:02,879 [ERROR] LogOutputStream:75 - [STDERR_REDIRECT] 
2025-05-30 11:44:03,876 [ERROR] LogOutputStream:75 - [STDERR_REDIRECT] [Fatal Error] :1:1: Premature end of file.
2025-05-30 11:44:03,906 [ERROR] LogOutputStream:75 - [STDERR_REDIRECT] 
2025-05-30 11:44:04,862 [ERROR] LogOutputStream:75 - [STDERR_REDIRECT] [Fatal Error] :1:1: Premature end of file.
2025-05-30 11:44:04,862 [ERROR] LogOutputStream:75 - [STDERR_REDIRECT] 
2025-05-30 11:44:05,862 [ERROR] LogOutputStream:75 - [STDERR_REDIRECT] [Fatal Error] :1:1: Premature end of file.
2025-05-30 11:44:05,864 [ERROR] LogOutputStream:75 - [STDERR_REDIRECT] 
2025-05-30 11:44:06,860 [ERROR] LogOutputStream:75 - [STDERR_REDIRECT] [Fatal Error] :1:1: Premature end of file.
2025-05-30 11:44:06,860 [ERROR] LogOutputStream:75 - [STDERR_REDIRECT] 
2025-05-30 11:44:07,865 [ERROR] LogOutputStream:75 - [STDERR_REDIRECT] [Fatal Error] :1:1: Premature end of file.
2025-05-30 11:44:07,865 [ERROR] LogOutputStream:75 - [STDERR_REDIRECT] 
2025-05-30 11:44:08,863 [ERROR] LogOutputStream:75 - [STDERR_REDIRECT] [Fatal Error] :1:1: Premature end of file.
2025-05-30 11:44:08,865 [ERROR] LogOutputStream:75 - [STDERR_REDIRECT] 
2025-05-30 11:44:09,867 [ERROR] LogOutputStream:75 - [STDERR_REDIRECT] [Fatal Error] :1:1: Premature end of file.
2025-05-30 11:44:09,867 [ERROR] LogOutputStream:75 - [STDERR_REDIRECT] 
2025-05-30 11:44:10,861 [ERROR] LogOutputStream:75 - [STDERR_REDIRECT] [Fatal Error] :1:1: Premature end of file.
2025-05-30 11:44:10,861 [ERROR] LogOutputStream:75 - [STDERR_REDIRECT] 
2025-05-30 11:44:11,864 [ERROR] LogOutputStream:75 - [STDERR_REDIRECT] [Fatal Error] :1:1: Premature end of file.
2025-05-30 11:44:11,864 [ERROR] LogOutputStream:75 - [STDERR_REDIRECT] 
2025-05-30 11:44:12,861 [ERROR] LogOutputStream:75 - [STDERR_REDIRECT] [Fatal Error] :1:1: Premature end of file.
2025-05-30 11:44:12,861 [ERROR] LogOutputStream:75 - [STDERR_REDIRECT] 
2025-05-30 11:44:13,869 [ERROR] LogOutputStream:75 - [STDERR_REDIRECT] [Fatal Error] :1:1: Premature end of file.
2025-05-30 11:44:13,869 [ERROR] LogOutputStream:75 - [STDERR_REDIRECT] 
2025-05-30 11:44:14,854 [ERROR] LogOutputStream:75 - [STDERR_REDIRECT] [Fatal Error] :1:1: Premature end of file.
2025-05-30 11:44:14,854 [ERROR] LogOutputStream:75 - [STDERR_REDIRECT] 
2025-05-30 11:44:15,901 [ERROR] LogOutputStream:75 - [STDERR_REDIRECT] [Fatal Error] :1:1: Premature end of file.
2025-05-30 11:44:15,902 [ERROR] LogOutputStream:75 - [STDERR_REDIRECT] 
2025-05-30 11:44:16,876 [ERROR] LogOutputStream:75 - [STDERR_REDIRECT] [Fatal Error] :1:1: Premature end of file.
2025-05-30 11:44:16,876 [ERROR] LogOutputStream:75 - [STDERR_REDIRECT] 
2025-05-30 11:44:17,861 [ERROR] LogOutputStream:75 - [STDERR_REDIRECT] [Fatal Error] :1:1: Premature end of file.
2025-05-30 11:44:17,861 [ERROR] LogOutputStream:75 - [STDERR_REDIRECT] 
2025-05-30 11:44:18,863 [ERROR] LogOutputStream:75 - [STDERR_REDIRECT] [Fatal Error] :1:1: Premature end of file.
2025-05-30 11:44:18,902 [ERROR] LogOutputStream:75 - [STDERR_REDIRECT] 
2025-05-30 11:44:19,871 [ERROR] LogOutputStream:75 - [STDERR_REDIRECT] [Fatal Error] :1:1: Premature end of file.
2025-05-30 11:44:19,871 [ERROR] LogOutputStream:75 - [STDERR_REDIRECT] 
2025-05-30 11:44:20,863 [ERROR] LogOutputStream:75 - [STDERR_REDIRECT] [Fatal Error] :1:1: Premature end of file.
2025-05-30 11:44:20,863 [ERROR] LogOutputStream:75 - [STDERR_REDIRECT] 
2025-05-30 11:44:21,859 [ERROR] LogOutputStream:75 - [STDERR_REDIRECT] [Fatal Error] :1:1: Premature end of file.
2025-05-30 11:44:21,859 [ERROR] LogOutputStream:75 - [STDERR_REDIRECT] 
2025-05-30 11:44:22,873 [ERROR] LogOutputStream:75 - [STDERR_REDIRECT] [Fatal Error] :1:1: Premature end of file.
2025-05-30 11:44:22,875 [ERROR] LogOutputStream:75 - [STDERR_REDIRECT] 
2025-05-30 11:44:23,875 [ERROR] LogOutputStream:75 - [STDERR_REDIRECT] [Fatal Error] :1:1: Premature end of file.
2025-05-30 11:44:23,875 [ERROR] LogOutputStream:75 - [STDERR_REDIRECT] 
2025-05-30 11:44:24,879 [ERROR] LogOutputStream:75 - [STDERR_REDIRECT] [Fatal Error] :1:1: Premature end of file.
2025-05-30 11:44:24,879 [ERROR] LogOutputStream:75 - [STDERR_REDIRECT] 
2025-05-30 11:44:25,869 [ERROR] LogOutputStream:75 - [STDERR_REDIRECT] [Fatal Error] :1:1: Premature end of file.
2025-05-30 11:44:25,869 [ERROR] LogOutputStream:75 - [STDERR_REDIRECT] 
2025-05-30 11:44:26,865 [ERROR] LogOutputStream:75 - [STDERR_REDIRECT] [Fatal Error] :1:1: Premature end of file.
2025-05-30 11:44:26,865 [ERROR] LogOutputStream:75 - [STDERR_REDIRECT] 
2025-05-30 11:44:27,871 [ERROR] LogOutputStream:75 - [STDERR_REDIRECT] [Fatal Error] :1:1: Premature end of file.
2025-05-30 11:44:27,873 [ERROR] LogOutputStream:75 - [STDERR_REDIRECT] 
2025-05-30 11:44:28,873 [ERROR] LogOutputStream:75 - [STDERR_REDIRECT] [Fatal Error] :1:1: Premature end of file.
2025-05-30 11:44:28,873 [ERROR] LogOutputStream:75 - [STDERR_REDIRECT] 
2025-05-30 11:44:29,871 [ERROR] LogOutputStream:75 - [STDERR_REDIRECT] [Fatal Error] :1:1: Premature end of file.
2025-05-30 11:44:29,871 [ERROR] LogOutputStream:75 - [STDERR_REDIRECT] 
2025-05-30 11:44:30,868 [ERROR] LogOutputStream:75 - [STDERR_REDIRECT] [Fatal Error] :1:1: Premature end of file.
2025-05-30 11:44:30,868 [ERROR] LogOutputStream:75 - [STDERR_REDIRECT] 
2025-05-30 11:44:31,870 [ERROR] LogOutputStream:75 - [STDERR_REDIRECT] [Fatal Error] :1:1: Premature end of file.
2025-05-30 11:44:31,870 [ERROR] LogOutputStream:75 - [STDERR_REDIRECT] 
2025-05-30 11:44:32,874 [ERROR] LogOutputStream:75 - [STDERR_REDIRECT] [Fatal Error] :1:1: Premature end of file.
2025-05-30 11:44:32,874 [ERROR] LogOutputStream:75 - [STDERR_REDIRECT] 
2025-05-30 11:44:33,866 [ERROR] LogOutputStream:75 - [STDERR_REDIRECT] [Fatal Error] :1:1: Premature end of file.
2025-05-30 11:44:33,896 [ERROR] LogOutputStream:75 - [STDERR_REDIRECT] 
2025-05-30 11:44:34,864 [ERROR] LogOutputStream:75 - [STDERR_REDIRECT] [Fatal Error] :1:1: Premature end of file.
2025-05-30 11:44:34,864 [ERROR] LogOutputStream:75 - [STDERR_REDIRECT] 
2025-05-30 11:44:35,858 [ERROR] LogOutputStream:75 - [STDERR_REDIRECT] [Fatal Error] :1:1: Premature end of file.
2025-05-30 11:44:35,858 [ERROR] LogOutputStream:75 - [STDERR_REDIRECT] 
2025-05-30 11:44:36,863 [ERROR] LogOutputStream:75 - [STDERR_REDIRECT] [Fatal Error] :1:1: Premature end of file.
2025-05-30 11:44:36,863 [ERROR] LogOutputStream:75 - [STDERR_REDIRECT] 
2025-05-30 11:44:37,860 [ERROR] LogOutputStream:75 - [STDERR_REDIRECT] [Fatal Error] :1:1: Premature end of file.
2025-05-30 11:44:37,860 [ERROR] LogOutputStream:75 - [STDERR_REDIRECT] 
2025-05-30 11:44:38,890 [ERROR] LogOutputStream:75 - [STDERR_REDIRECT] [Fatal Error] :1:1: Premature end of file.
2025-05-30 11:44:38,891 [ERROR] LogOutputStream:75 - [STDERR_REDIRECT] 
2025-05-30 11:44:39,869 [ERROR] LogOutputStream:75 - [STDERR_REDIRECT] [Fatal Error] :1:1: Premature end of file.
2025-05-30 11:44:39,869 [ERROR] LogOutputStream:75 - [STDERR_REDIRECT] 
2025-05-30 11:44:40,874 [ERROR] LogOutputStream:75 - [STDERR_REDIRECT] [Fatal Error] :1:1: Premature end of file.
2025-05-30 11:44:40,874 [ERROR] LogOutputStream:75 - [STDERR_REDIRECT] 
2025-05-30 11:44:41,877 [ERROR] LogOutputStream:75 - [STDERR_REDIRECT] [Fatal Error] :1:1: Premature end of file.
2025-05-30 11:44:41,878 [ERROR] LogOutputStream:75 - [STDERR_REDIRECT] 
2025-05-30 11:44:42,893 [ERROR] LogOutputStream:75 - [STDERR_REDIRECT] [Fatal Error] :1:1: Premature end of file.
2025-05-30 11:44:42,893 [ERROR] LogOutputStream:75 - [STDERR_REDIRECT] 
2025-05-30 11:44:43,868 [ERROR] LogOutputStream:75 - [STDERR_REDIRECT] [Fatal Error] :1:1: Premature end of file.
2025-05-30 11:44:43,868 [ERROR] LogOutputStream:75 - [STDERR_REDIRECT] 
2025-05-30 11:44:44,889 [ERROR] LogOutputStream:75 - [STDERR_REDIRECT] [Fatal Error] :1:1: Premature end of file.
2025-05-30 11:44:44,889 [ERROR] LogOutputStream:75 - [STDERR_REDIRECT] 
2025-05-30 11:44:45,873 [ERROR] LogOutputStream:75 - [STDERR_REDIRECT] [Fatal Error] :1:1: Premature end of file.
2025-05-30 11:44:45,873 [ERROR] LogOutputStream:75 - [STDERR_REDIRECT] 
2025-05-30 11:44:46,877 [ERROR] LogOutputStream:75 - [STDERR_REDIRECT] [Fatal Error] :1:1: Premature end of file.
2025-05-30 11:44:46,877 [ERROR] LogOutputStream:75 - [STDERR_REDIRECT] 
2025-05-30 11:44:47,858 [ERROR] LogOutputStream:75 - [STDERR_REDIRECT] [Fatal Error] :1:1: Premature end of file.
2025-05-30 11:44:47,858 [ERROR] LogOutputStream:75 - [STDERR_REDIRECT] 
2025-05-30 11:44:48,886 [ERROR] LogOutputStream:75 - [STDERR_REDIRECT] [Fatal Error] :1:1: Premature end of file.
2025-05-30 11:44:48,886 [ERROR] LogOutputStream:75 - [STDERR_REDIRECT] 
2025-05-30 11:44:49,859 [ERROR] LogOutputStream:75 - [STDERR_REDIRECT] [Fatal Error] :1:1: Premature end of file.
2025-05-30 11:44:49,859 [ERROR] LogOutputStream:75 - [STDERR_REDIRECT] 
2025-05-30 11:44:50,861 [ERROR] LogOutputStream:75 - [STDERR_REDIRECT] [Fatal Error] :1:1: Premature end of file.
2025-05-30 11:44:50,861 [ERROR] LogOutputStream:75 - [STDERR_REDIRECT] 
2025-05-30 11:44:51,868 [ERROR] LogOutputStream:75 - [STDERR_REDIRECT] [Fatal Error] :1:1: Premature end of file.
2025-05-30 11:44:51,868 [ERROR] LogOutputStream:75 - [STDERR_REDIRECT] 
2025-05-30 11:44:52,862 [ERROR] LogOutputStream:75 - [STDERR_REDIRECT] [Fatal Error] :1:1: Premature end of file.
2025-05-30 11:44:52,862 [ERROR] LogOutputStream:75 - [STDERR_REDIRECT] 
2025-05-30 11:44:53,881 [ERROR] LogOutputStream:75 - [STDERR_REDIRECT] [Fatal Error] :1:1: Premature end of file.
2025-05-30 11:44:53,881 [ERROR] LogOutputStream:75 - [STDERR_REDIRECT] 
2025-05-30 11:44:54,853 [ERROR] LogOutputStream:75 - [STDERR_REDIRECT] [Fatal Error] :1:1: Premature end of file.
2025-05-30 11:44:54,853 [ERROR] LogOutputStream:75 - [STDERR_REDIRECT] 
2025-05-30 11:44:55,852 [ERROR] LogOutputStream:75 - [STDERR_REDIRECT] [Fatal Error] :1:1: Premature end of file.
2025-05-30 11:44:55,852 [ERROR] LogOutputStream:75 - [STDERR_REDIRECT] 
2025-05-30 11:44:56,851 [ERROR] LogOutputStream:75 - [STDERR_REDIRECT] [Fatal Error] :1:1: Premature end of file.
2025-05-30 11:44:56,851 [ERROR] LogOutputStream:75 - [STDERR_REDIRECT] 
2025-05-30 11:44:57,856 [ERROR] LogOutputStream:75 - [STDERR_REDIRECT] [Fatal Error] :1:1: Premature end of file.
2025-05-30 11:44:57,856 [ERROR] LogOutputStream:75 - [STDERR_REDIRECT] 
2025-05-30 11:44:58,855 [ERROR] LogOutputStream:75 - [STDERR_REDIRECT] [Fatal Error] :1:1: Premature end of file.
2025-05-30 11:44:58,855 [ERROR] LogOutputStream:75 - [STDERR_REDIRECT] 
2025-05-30 11:44:59,852 [ERROR] LogOutputStream:75 - [STDERR_REDIRECT] [Fatal Error] :1:1: Premature end of file.
2025-05-30 11:44:59,854 [ERROR] LogOutputStream:75 - [STDERR_REDIRECT] 
2025-05-30 11:45:00,864 [ERROR] LogOutputStream:75 - [STDERR_REDIRECT] [Fatal Error] :1:1: Premature end of file.
2025-05-30 11:45:00,865 [ERROR] LogOutputStream:75 - [STDERR_REDIRECT] 
2025-05-30 11:45:01,862 [ERROR] LogOutputStream:75 - [STDERR_REDIRECT] [Fatal Error] :1:1: Premature end of file.
2025-05-30 11:45:01,862 [ERROR] LogOutputStream:75 - [STDERR_REDIRECT] 
2025-05-30 11:45:02,860 [ERROR] LogOutputStream:75 - [STDERR_REDIRECT] [Fatal Error] :1:1: Premature end of file.
2025-05-30 11:45:02,860 [ERROR] LogOutputStream:75 - [STDERR_REDIRECT] 
2025-05-30 11:45:03,873 [ERROR] LogOutputStream:75 - [STDERR_REDIRECT] [Fatal Error] :1:1: Premature end of file.
2025-05-30 11:45:03,884 [ERROR] LogOutputStream:75 - [STDERR_REDIRECT] 
2025-05-30 11:45:04,863 [ERROR] LogOutputStream:75 - [STDERR_REDIRECT] [Fatal Error] :1:1: Premature end of file.
2025-05-30 11:45:04,869 [ERROR] LogOutputStream:75 - [STDERR_REDIRECT] 
2025-05-30 11:45:05,861 [ERROR] LogOutputStream:75 - [STDERR_REDIRECT] [Fatal Error] :1:1: Premature end of file.
2025-05-30 11:45:05,861 [ERROR] LogOutputStream:75 - [STDERR_REDIRECT] 
2025-05-30 11:45:06,871 [ERROR] LogOutputStream:75 - [STDERR_REDIRECT] [Fatal Error] :1:1: Premature end of file.
2025-05-30 11:45:06,872 [ERROR] LogOutputStream:75 - [STDERR_REDIRECT] 
2025-05-30 11:45:07,865 [ERROR] LogOutputStream:75 - [STDERR_REDIRECT] [Fatal Error] :1:1: Premature end of file.
2025-05-30 11:45:07,865 [ERROR] LogOutputStream:75 - [STDERR_REDIRECT] 
2025-05-30 11:45:08,864 [ERROR] LogOutputStream:75 - [STDERR_REDIRECT] [Fatal Error] :1:1: Premature end of file.
2025-05-30 11:45:08,864 [ERROR] LogOutputStream:75 - [STDERR_REDIRECT] 
2025-05-30 11:45:09,862 [ERROR] LogOutputStream:75 - [STDERR_REDIRECT] [Fatal Error] :1:1: Premature end of file.
2025-05-30 11:45:09,865 [ERROR] LogOutputStream:75 - [STDERR_REDIRECT] 
2025-05-30 11:45:10,861 [ERROR] LogOutputStream:75 - [STDERR_REDIRECT] [Fatal Error] :1:1: Premature end of file.
2025-05-30 11:45:10,861 [ERROR] LogOutputStream:75 - [STDERR_REDIRECT] 
2025-05-30 11:45:11,870 [ERROR] LogOutputStream:75 - [STDERR_REDIRECT] [Fatal Error] :1:1: Premature end of file.
2025-05-30 11:45:11,870 [ERROR] LogOutputStream:75 - [STDERR_REDIRECT] 
2025-05-30 11:45:12,865 [ERROR] LogOutputStream:75 - [STDERR_REDIRECT] [Fatal Error] :1:1: Premature end of file.
2025-05-30 11:45:12,865 [ERROR] LogOutputStream:75 - [STDERR_REDIRECT] 
2025-05-30 11:45:13,870 [ERROR] LogOutputStream:75 - [STDERR_REDIRECT] [Fatal Error] :1:1: Premature end of file.
2025-05-30 11:45:13,870 [ERROR] LogOutputStream:75 - [STDERR_REDIRECT] 
2025-05-30 11:45:14,864 [ERROR] LogOutputStream:75 - [STDERR_REDIRECT] [Fatal Error] :1:1: Premature end of file.
2025-05-30 11:45:14,864 [ERROR] LogOutputStream:75 - [STDERR_REDIRECT] 
2025-05-30 11:45:15,864 [ERROR] LogOutputStream:75 - [STDERR_REDIRECT] [Fatal Error] :1:1: Premature end of file.
2025-05-30 11:45:15,864 [ERROR] LogOutputStream:75 - [STDERR_REDIRECT] 
2025-05-30 11:45:16,863 [ERROR] LogOutputStream:75 - [STDERR_REDIRECT] [Fatal Error] :1:1: Premature end of file.
2025-05-30 11:45:16,863 [ERROR] LogOutputStream:75 - [STDERR_REDIRECT] 
2025-05-30 11:45:17,861 [ERROR] LogOutputStream:75 - [STDERR_REDIRECT] [Fatal Error] :1:1: Premature end of file.
2025-05-30 11:45:17,869 [ERROR] LogOutputStream:75 - [STDERR_REDIRECT] 
2025-05-30 11:45:18,866 [ERROR] LogOutputStream:75 - [STDERR_REDIRECT] [Fatal Error] :1:1: Premature end of file.
2025-05-30 11:45:18,874 [ERROR] LogOutputStream:75 - [STDERR_REDIRECT] 
2025-05-30 11:45:19,864 [ERROR] LogOutputStream:75 - [STDERR_REDIRECT] [Fatal Error] :1:1: Premature end of file.
2025-05-30 11:45:19,864 [ERROR] LogOutputStream:75 - [STDERR_REDIRECT] 
2025-05-30 11:45:20,867 [ERROR] LogOutputStream:75 - [STDERR_REDIRECT] [Fatal Error] :1:1: Premature end of file.
2025-05-30 11:45:20,867 [ERROR] LogOutputStream:75 - [STDERR_REDIRECT] 
2025-05-30 11:45:21,854 [ERROR] LogOutputStream:75 - [STDERR_REDIRECT] [Fatal Error] :1:1: Premature end of file.
2025-05-30 11:45:21,854 [ERROR] LogOutputStream:75 - [STDERR_REDIRECT] 
2025-05-30 11:45:22,868 [ERROR] LogOutputStream:75 - [STDERR_REDIRECT] [Fatal Error] :1:1: Premature end of file.
2025-05-30 11:45:22,868 [ERROR] LogOutputStream:75 - [STDERR_REDIRECT] 
2025-05-30 11:45:23,862 [ERROR] LogOutputStream:75 - [STDERR_REDIRECT] [Fatal Error] :1:1: Premature end of file.
2025-05-30 11:45:23,862 [ERROR] LogOutputStream:75 - [STDERR_REDIRECT] 
2025-05-30 11:45:24,867 [ERROR] LogOutputStream:75 - [STDERR_REDIRECT] [Fatal Error] :1:1: Premature end of file.
2025-05-30 11:45:24,867 [ERROR] LogOutputStream:75 - [STDERR_REDIRECT] 
2025-05-30 11:45:25,857 [ERROR] LogOutputStream:75 - [STDERR_REDIRECT] [Fatal Error] :1:1: Premature end of file.
2025-05-30 11:45:25,860 [ERROR] LogOutputStream:75 - [STDERR_REDIRECT] 
2025-05-30 11:45:26,870 [ERROR] LogOutputStream:75 - [STDERR_REDIRECT] [Fatal Error] :1:1: Premature end of file.
2025-05-30 11:45:26,870 [ERROR] LogOutputStream:75 - [STDERR_REDIRECT] 
2025-05-30 11:45:27,869 [ERROR] LogOutputStream:75 - [STDERR_REDIRECT] [Fatal Error] :1:1: Premature end of file.
2025-05-30 11:45:27,869 [ERROR] LogOutputStream:75 - [STDERR_REDIRECT] 
2025-05-30 11:45:28,889 [ERROR] LogOutputStream:75 - [STDERR_REDIRECT] [Fatal Error] :1:1: Premature end of file.
2025-05-30 11:45:28,889 [ERROR] LogOutputStream:75 - [STDERR_REDIRECT] 
2025-05-30 11:45:29,869 [ERROR] LogOutputStream:75 - [STDERR_REDIRECT] [Fatal Error] :1:1: Premature end of file.
2025-05-30 11:45:29,869 [ERROR] LogOutputStream:75 - [STDERR_REDIRECT] 
2025-05-30 11:45:30,863 [ERROR] LogOutputStream:75 - [STDERR_REDIRECT] [Fatal Error] :1:1: Premature end of file.
2025-05-30 11:45:30,863 [ERROR] LogOutputStream:75 - [STDERR_REDIRECT] 
2025-05-30 11:45:31,864 [ERROR] LogOutputStream:75 - [STDERR_REDIRECT] [Fatal Error] :1:1: Premature end of file.
2025-05-30 11:45:31,864 [ERROR] LogOutputStream:75 - [STDERR_REDIRECT] 
2025-05-30 11:45:32,853 [ERROR] LogOutputStream:75 - [STDERR_REDIRECT] [Fatal Error] :1:1: Premature end of file.
2025-05-30 11:45:32,853 [ERROR] LogOutputStream:75 - [STDERR_REDIRECT] 
2025-05-30 11:45:33,867 [ERROR] LogOutputStream:75 - [STDERR_REDIRECT] [Fatal Error] :1:1: Premature end of file.
2025-05-30 11:45:33,867 [ERROR] LogOutputStream:75 - [STDERR_REDIRECT] 
2025-05-30 11:45:34,870 [ERROR] LogOutputStream:75 - [STDERR_REDIRECT] [Fatal Error] :1:1: Premature end of file.
2025-05-30 11:45:34,871 [ERROR] LogOutputStream:75 - [STDERR_REDIRECT] 
2025-05-30 11:45:35,862 [ERROR] LogOutputStream:75 - [STDERR_REDIRECT] [Fatal Error] :1:1: Premature end of file.
2025-05-30 11:45:35,862 [ERROR] LogOutputStream:75 - [STDERR_REDIRECT] 
2025-05-30 11:45:36,863 [ERROR] LogOutputStream:75 - [STDERR_REDIRECT] [Fatal Error] :1:1: Premature end of file.
2025-05-30 11:45:36,863 [ERROR] LogOutputStream:75 - [STDERR_REDIRECT] 
2025-05-30 11:45:37,863 [ERROR] LogOutputStream:75 - [STDERR_REDIRECT] [Fatal Error] :1:1: Premature end of file.
2025-05-30 11:45:37,863 [ERROR] LogOutputStream:75 - [STDERR_REDIRECT] 
2025-05-30 11:45:38,868 [ERROR] LogOutputStream:75 - [STDERR_REDIRECT] [Fatal Error] :1:1: Premature end of file.
2025-05-30 11:45:38,868 [ERROR] LogOutputStream:75 - [STDERR_REDIRECT] 
2025-05-30 11:45:39,853 [ERROR] LogOutputStream:75 - [STDERR_REDIRECT] [Fatal Error] :1:1: Premature end of file.
2025-05-30 11:45:39,861 [ERROR] LogOutputStream:75 - [STDERR_REDIRECT] 
2025-05-30 11:45:40,861 [ERROR] LogOutputStream:75 - [STDERR_REDIRECT] [Fatal Error] :1:1: Premature end of file.
2025-05-30 11:45:40,861 [ERROR] LogOutputStream:75 - [STDERR_REDIRECT] 
2025-05-30 11:45:41,884 [ERROR] LogOutputStream:75 - [STDERR_REDIRECT] [Fatal Error] :1:1: Premature end of file.
2025-05-30 11:45:41,885 [ERROR] LogOutputStream:75 - [STDERR_REDIRECT] 
2025-05-30 11:45:42,860 [ERROR] LogOutputStream:75 - [STDERR_REDIRECT] [Fatal Error] :1:1: Premature end of file.
2025-05-30 11:45:42,860 [ERROR] LogOutputStream:75 - [STDERR_REDIRECT] 
2025-05-30 11:45:43,890 [ERROR] LogOutputStream:75 - [STDERR_REDIRECT] [Fatal Error] :1:1: Premature end of file.
2025-05-30 11:45:43,890 [ERROR] LogOutputStream:75 - [STDERR_REDIRECT] 
2025-05-30 11:45:44,863 [ERROR] LogOutputStream:75 - [STDERR_REDIRECT] [Fatal Error] :1:1: Premature end of file.
2025-05-30 11:45:44,863 [ERROR] LogOutputStream:75 - [STDERR_REDIRECT] 
2025-05-30 11:45:45,864 [ERROR] LogOutputStream:75 - [STDERR_REDIRECT] [Fatal Error] :1:1: Premature end of file.
2025-05-30 11:45:45,866 [ERROR] LogOutputStream:75 - [STDERR_REDIRECT] 
2025-05-30 11:45:46,861 [ERROR] LogOutputStream:75 - [STDERR_REDIRECT] [Fatal Error] :1:1: Premature end of file.
2025-05-30 11:45:46,861 [ERROR] LogOutputStream:75 - [STDERR_REDIRECT] 
2025-05-30 11:45:47,880 [ERROR] LogOutputStream:75 - [STDERR_REDIRECT] [Fatal Error] :1:1: Premature end of file.
2025-05-30 11:45:47,880 [ERROR] LogOutputStream:75 - [STDERR_REDIRECT] 
2025-05-30 11:45:48,869 [ERROR] LogOutputStream:75 - [STDERR_REDIRECT] [Fatal Error] :1:1: Premature end of file.
2025-05-30 11:45:48,869 [ERROR] LogOutputStream:75 - [STDERR_REDIRECT] 
2025-05-30 11:45:49,870 [ERROR] LogOutputStream:75 - [STDERR_REDIRECT] [Fatal Error] :1:1: Premature end of file.
2025-05-30 11:45:49,870 [ERROR] LogOutputStream:75 - [STDERR_REDIRECT] 
2025-05-30 11:45:50,909 [ERROR] LogOutputStream:75 - [STDERR_REDIRECT] [Fatal Error] :1:1: Premature end of file.
2025-05-30 11:45:50,909 [ERROR] LogOutputStream:75 - [STDERR_REDIRECT] 
2025-05-30 11:45:51,866 [ERROR] LogOutputStream:75 - [STDERR_REDIRECT] [Fatal Error] :1:1: Premature end of file.
2025-05-30 11:45:51,866 [ERROR] LogOutputStream:75 - [STDERR_REDIRECT] 
2025-05-30 11:45:52,862 [ERROR] LogOutputStream:75 - [STDERR_REDIRECT] [Fatal Error] :1:1: Premature end of file.
2025-05-30 11:45:52,867 [ERROR] LogOutputStream:75 - [STDERR_REDIRECT] 
2025-05-30 11:45:53,853 [ERROR] LogOutputStream:75 - [STDERR_REDIRECT] [Fatal Error] :1:1: Premature end of file.
2025-05-30 11:45:53,861 [ERROR] LogOutputStream:75 - [STDERR_REDIRECT] 
2025-05-30 11:45:54,860 [ERROR] LogOutputStream:75 - [STDERR_REDIRECT] [Fatal Error] :1:1: Premature end of file.
2025-05-30 11:45:54,860 [ERROR] LogOutputStream:75 - [STDERR_REDIRECT] 
2025-05-30 11:45:55,862 [ERROR] LogOutputStream:75 - [STDERR_REDIRECT] [Fatal Error] :1:1: Premature end of file.
2025-05-30 11:45:55,862 [ERROR] LogOutputStream:75 - [STDERR_REDIRECT] 
2025-05-30 11:45:56,853 [ERROR] LogOutputStream:75 - [STDERR_REDIRECT] [Fatal Error] :1:1: Premature end of file.
2025-05-30 11:45:56,861 [ERROR] LogOutputStream:75 - [STDERR_REDIRECT] 
2025-05-30 11:45:57,853 [ERROR] LogOutputStream:75 - [STDERR_REDIRECT] [Fatal Error] :1:1: Premature end of file.
2025-05-30 11:45:57,860 [ERROR] LogOutputStream:75 - [STDERR_REDIRECT] 
2025-05-30 11:45:58,861 [ERROR] LogOutputStream:75 - [STDERR_REDIRECT] [Fatal Error] :1:1: Premature end of file.
2025-05-30 11:45:58,865 [ERROR] LogOutputStream:75 - [STDERR_REDIRECT] 
2025-05-30 11:45:59,860 [ERROR] LogOutputStream:75 - [STDERR_REDIRECT] [Fatal Error] :1:1: Premature end of file.
2025-05-30 11:45:59,860 [ERROR] LogOutputStream:75 - [STDERR_REDIRECT] 
2025-05-30 11:46:00,860 [ERROR] LogOutputStream:75 - [STDERR_REDIRECT] [Fatal Error] :1:1: Premature end of file.
2025-05-30 11:46:00,860 [ERROR] LogOutputStream:75 - [STDERR_REDIRECT] 
2025-05-30 11:46:01,860 [ERROR] LogOutputStream:75 - [STDERR_REDIRECT] [Fatal Error] :1:1: Premature end of file.
2025-05-30 11:46:01,860 [ERROR] LogOutputStream:75 - [STDERR_REDIRECT] 
2025-05-30 11:46:02,864 [ERROR] LogOutputStream:75 - [STDERR_REDIRECT] [Fatal Error] :1:1: Premature end of file.
2025-05-30 11:46:02,864 [ERROR] LogOutputStream:75 - [STDERR_REDIRECT] 
2025-05-30 11:46:03,863 [ERROR] LogOutputStream:75 - [STDERR_REDIRECT] [Fatal Error] :1:1: Premature end of file.
2025-05-30 11:46:03,871 [ERROR] LogOutputStream:75 - [STDERR_REDIRECT] 
2025-05-30 11:46:04,871 [ERROR] LogOutputStream:75 - [STDERR_REDIRECT] [Fatal Error] :1:1: Premature end of file.
2025-05-30 11:46:04,871 [ERROR] LogOutputStream:75 - [STDERR_REDIRECT] 
2025-05-30 11:46:05,014 [ERROR] LogOutputStream:75 - [STDERR_REDIRECT] SLF4J: Failed to load class "org.slf4j.impl.StaticLoggerBinder".
2025-05-30 11:46:05,015 [ERROR] LogOutputStream:75 - [STDERR_REDIRECT] SLF4J: Defaulting to no-operation (NOP) logger implementation
2025-05-30 11:46:05,016 [ERROR] LogOutputStream:75 - [STDERR_REDIRECT] SLF4J: See http://www.slf4j.org/codes.html#StaticLoggerBinder for further details.
2025-05-30 11:46:05,870 [ERROR] LogOutputStream:75 - [STDERR_REDIRECT] [Fatal Error] :1:1: Premature end of file.
2025-05-30 11:46:05,878 [ERROR] LogOutputStream:75 - [STDERR_REDIRECT] 
2025-05-30 11:46:06,704 [ERROR] LogOutputStream:75 - [STDERR_REDIRECT] May 30, 2025 11:46:06 AM org.apache.jasper.servlet.TldScanner scanJars
2025-05-30 11:46:06,708 [ERROR] LogOutputStream:75 - [STDERR_REDIRECT] INFO: At least one JAR was scanned for TLDs yet contained no TLDs. Enable debug logging for this logger for a complete list of JARs that were scanned but no TLDs were found in them. Skipping unneeded JARs during scanning can improve startup time and JSP compilation time.
2025-05-30 11:46:06,708 [ERROR] LogOutputStream:75 - [STDERR_REDIRECT] 
2025-05-30 11:46:06,885 [ERROR] LogOutputStream:75 - [STDERR_REDIRECT] [Fatal Error] :1:1: Premature end of file.
2025-05-30 11:46:06,885 [ERROR] LogOutputStream:75 - [STDERR_REDIRECT] 
2025-05-30 11:46:07,685 [ERROR] LogOutputStream:75 - [STDERR_REDIRECT] May 30, 2025 11:46:07 AM org.apache.jasper.servlet.TldScanner scanJars
2025-05-30 11:46:07,690 [ERROR] LogOutputStream:75 - [STDERR_REDIRECT] INFO: At least one JAR was scanned for TLDs yet contained no TLDs. Enable debug logging for this logger for a complete list of JARs that were scanned but no TLDs were found in them. Skipping unneeded JARs during scanning can improve startup time and JSP compilation time.
2025-05-30 11:46:07,691 [ERROR] LogOutputStream:75 - [STDERR_REDIRECT] 
2025-05-30 11:46:07,876 [ERROR] LogOutputStream:75 - [STDERR_REDIRECT] [Fatal Error] :1:1: Premature end of file.
2025-05-30 11:46:07,878 [ERROR] LogOutputStream:75 - [STDERR_REDIRECT] 
2025-05-30 11:46:08,868 [ERROR] LogOutputStream:75 - [STDERR_REDIRECT] [Fatal Error] :1:1: Premature end of file.
2025-05-30 11:46:08,868 [ERROR] LogOutputStream:75 - [STDERR_REDIRECT] 
2025-05-30 11:46:09,887 [ERROR] LogOutputStream:75 - [STDERR_REDIRECT] [Fatal Error] :1:1: Premature end of file.
2025-05-30 11:46:09,893 [ERROR] LogOutputStream:75 - [STDERR_REDIRECT] 
2025-05-30 11:46:10,862 [ERROR] LogOutputStream:75 - [STDERR_REDIRECT] [Fatal Error] :1:1: Premature end of file.
2025-05-30 11:46:10,862 [ERROR] LogOutputStream:75 - [STDERR_REDIRECT] 
2025-05-30 11:46:11,869 [ERROR] LogOutputStream:75 - [STDERR_REDIRECT] [Fatal Error] :1:1: Premature end of file.
2025-05-30 11:46:11,869 [ERROR] LogOutputStream:75 - [STDERR_REDIRECT] 
2025-05-30 11:46:12,869 [ERROR] LogOutputStream:75 - [STDERR_REDIRECT] [Fatal Error] :1:1: Premature end of file.
2025-05-30 11:46:12,869 [ERROR] LogOutputStream:75 - [STDERR_REDIRECT] 
2025-05-30 11:46:13,874 [ERROR] LogOutputStream:75 - [STDERR_REDIRECT] [Fatal Error] :1:1: Premature end of file.
2025-05-30 11:46:13,876 [ERROR] LogOutputStream:75 - [STDERR_REDIRECT] 
2025-05-30 11:46:14,874 [ERROR] LogOutputStream:75 - [STDERR_REDIRECT] [Fatal Error] :1:1: Premature end of file.
2025-05-30 11:46:14,877 [ERROR] LogOutputStream:75 - [STDERR_REDIRECT] 
2025-05-30 11:46:15,872 [ERROR] LogOutputStream:75 - [STDERR_REDIRECT] [Fatal Error] :1:1: Premature end of file.
2025-05-30 11:46:15,872 [ERROR] LogOutputStream:75 - [STDERR_REDIRECT] 
2025-05-30 11:46:16,864 [ERROR] LogOutputStream:75 - [STDERR_REDIRECT] [Fatal Error] :1:1: Premature end of file.
2025-05-30 11:46:16,864 [ERROR] LogOutputStream:75 - [STDERR_REDIRECT] 
2025-05-30 11:46:17,872 [ERROR] LogOutputStream:75 - [STDERR_REDIRECT] [Fatal Error] :1:1: Premature end of file.
2025-05-30 11:46:17,872 [ERROR] LogOutputStream:75 - [STDERR_REDIRECT] 
2025-05-30 11:46:18,873 [ERROR] LogOutputStream:75 - [STDERR_REDIRECT] [Fatal Error] :1:1: Premature end of file.
2025-05-30 11:46:18,873 [ERROR] LogOutputStream:75 - [STDERR_REDIRECT] 
2025-05-30 11:46:19,864 [ERROR] LogOutputStream:75 - [STDERR_REDIRECT] [Fatal Error] :1:1: Premature end of file.
2025-05-30 11:46:19,864 [ERROR] LogOutputStream:75 - [STDERR_REDIRECT] 
2025-05-30 11:46:20,862 [ERROR] LogOutputStream:75 - [STDERR_REDIRECT] [Fatal Error] :1:1: Premature end of file.
2025-05-30 11:46:20,862 [ERROR] LogOutputStream:75 - [STDERR_REDIRECT] 
2025-05-30 11:46:21,860 [ERROR] LogOutputStream:75 - [STDERR_REDIRECT] [Fatal Error] :1:1: Premature end of file.
2025-05-30 11:46:21,860 [ERROR] LogOutputStream:75 - [STDERR_REDIRECT] 
2025-05-30 11:46:22,871 [ERROR] LogOutputStream:75 - [STDERR_REDIRECT] [Fatal Error] :1:1: Premature end of file.
2025-05-30 11:46:22,871 [ERROR] LogOutputStream:75 - [STDERR_REDIRECT] 
2025-05-30 11:46:23,867 [ERROR] LogOutputStream:75 - [STDERR_REDIRECT] [Fatal Error] :1:1: Premature end of file.
2025-05-30 11:46:23,867 [ERROR] LogOutputStream:75 - [STDERR_REDIRECT] 
2025-05-30 11:46:24,870 [ERROR] LogOutputStream:75 - [STDERR_REDIRECT] [Fatal Error] :1:1: Premature end of file.
2025-05-30 11:46:24,870 [ERROR] LogOutputStream:75 - [STDERR_REDIRECT] 
2025-05-30 11:46:25,865 [ERROR] LogOutputStream:75 - [STDERR_REDIRECT] [Fatal Error] :1:1: Premature end of file.
2025-05-30 11:46:25,871 [ERROR] LogOutputStream:75 - [STDERR_REDIRECT] 
2025-05-30 11:46:26,860 [ERROR] LogOutputStream:75 - [STDERR_REDIRECT] [Fatal Error] :1:1: Premature end of file.
2025-05-30 11:46:26,860 [ERROR] LogOutputStream:75 - [STDERR_REDIRECT] 
2025-05-30 11:46:27,860 [ERROR] LogOutputStream:75 - [STDERR_REDIRECT] [Fatal Error] :1:1: Premature end of file.
2025-05-30 11:46:27,860 [ERROR] LogOutputStream:75 - [STDERR_REDIRECT] 
2025-05-30 11:46:28,875 [ERROR] LogOutputStream:75 - [STDERR_REDIRECT] [Fatal Error] :1:1: Premature end of file.
2025-05-30 11:46:28,875 [ERROR] LogOutputStream:75 - [STDERR_REDIRECT] 
2025-05-30 11:46:29,869 [ERROR] LogOutputStream:75 - [STDERR_REDIRECT] [Fatal Error] :1:1: Premature end of file.
2025-05-30 11:46:29,869 [ERROR] LogOutputStream:75 - [STDERR_REDIRECT] 
2025-05-30 11:46:30,865 [ERROR] LogOutputStream:75 - [STDERR_REDIRECT] [Fatal Error] :1:1: Premature end of file.
2025-05-30 11:46:30,865 [ERROR] LogOutputStream:75 - [STDERR_REDIRECT] 
2025-05-30 11:46:31,868 [ERROR] LogOutputStream:75 - [STDERR_REDIRECT] [Fatal Error] :1:1: Premature end of file.
2025-05-30 11:46:31,868 [ERROR] LogOutputStream:75 - [STDERR_REDIRECT] 
2025-05-30 11:46:32,871 [ERROR] LogOutputStream:75 - [STDERR_REDIRECT] [Fatal Error] :1:1: Premature end of file.
2025-05-30 11:46:32,875 [ERROR] LogOutputStream:75 - [STDERR_REDIRECT] 
2025-05-30 11:46:33,863 [ERROR] LogOutputStream:75 - [STDERR_REDIRECT] [Fatal Error] :1:1: Premature end of file.
2025-05-30 11:46:33,863 [ERROR] LogOutputStream:75 - [STDERR_REDIRECT] 
2025-05-30 11:46:34,866 [ERROR] LogOutputStream:75 - [STDERR_REDIRECT] [Fatal Error] :1:1: Premature end of file.
2025-05-30 11:46:34,866 [ERROR] LogOutputStream:75 - [STDERR_REDIRECT] 
2025-05-30 11:46:35,864 [ERROR] LogOutputStream:75 - [STDERR_REDIRECT] [Fatal Error] :1:1: Premature end of file.
2025-05-30 11:46:35,864 [ERROR] LogOutputStream:75 - [STDERR_REDIRECT] 
2025-05-30 11:46:36,875 [ERROR] LogOutputStream:75 - [STDERR_REDIRECT] [Fatal Error] :1:1: Premature end of file.
2025-05-30 11:46:36,875 [ERROR] LogOutputStream:75 - [STDERR_REDIRECT] 
2025-05-30 11:46:37,868 [ERROR] LogOutputStream:75 - [STDERR_REDIRECT] [Fatal Error] :1:1: Premature end of file.
2025-05-30 11:46:37,868 [ERROR] LogOutputStream:75 - [STDERR_REDIRECT] 
2025-05-30 11:46:37,872 [ERROR] LogOutputStream:75 - [STDERR_REDIRECT] Exception in thread "Serial Ports Filter" java.lang.NullPointerException: Cannot invoke "org.eclipse.core.resources.ResourcesPlugin.getLog()" because the return value of "org.eclipse.core.resources.ResourcesPlugin.getPlugin()" is null
2025-05-30 11:46:37,873 [ERROR] LogOutputStream:75 - [STDERR_REDIRECT] 	at com.st.stm32cube.common.logger.MCULoggerPlugin.log(MCULoggerPlugin.java:84)
2025-05-30 11:46:37,873 [ERROR] LogOutputStream:75 - [STDERR_REDIRECT] 	at com.st.stm32cube.common.logger.MCULoggerPlugin.logException(MCULoggerPlugin.java:116)
2025-05-30 11:46:37,874 [ERROR] LogOutputStream:75 - [STDERR_REDIRECT] 	at com.st.stm32cube.ide.mpu.remote.serial.internal.SerialPortProviderWindows.run(SerialPortProviderWindows.java:156)
2025-05-30 11:46:37,875 [ERROR] LogOutputStream:75 - [STDERR_REDIRECT] 	at java.base/java.util.TimerThread.mainLoop(Timer.java:566)
2025-05-30 11:46:37,876 [ERROR] LogOutputStream:75 - [STDERR_REDIRECT] 	at java.base/java.util.TimerThread.run(Timer.java:516)
2025-05-30 11:46:38,018 [ERROR] LogOutputStream:75 - [STDERR_REDIRECT] 
2025-05-30 11:46:38,020 [ERROR] LogOutputStream:75 - [STDERR_REDIRECT] 
